report_date,part_num,supplier,red_alerts
2019-09-10,1G4VN,Wistron,"[{open_alerts: 3, total_alerts: 1, new_alerts: 1, repeated_alerts: 4, closed_alerts: 4}]"
2019-09-10,22D5R,PEGATRON,"[{open_alerts: 3, total_alerts: 1, new_alerts: 1, repeated_alerts: 4, closed_alerts: 4}]"
2019-09-10,2X5P3,Wistron,"[{open_alerts: 5, total_alerts: 5, new_alerts: 5, repeated_alerts: 0, closed_alerts: 0}]"
2019-09-10,3RNCH,Wistron,"[{open_alerts: 3, total_alerts: 43, new_alerts: 4, repeated_alerts: 4, closed_alerts: 4}]"
2019-09-10,4HJXC,PEGATRON,"[{open_alerts: 3, total_alerts: 43, new_alerts: 4, repeated_alerts: 4, closed_alerts: 4}]"
2019-09-10,581TH,PEGATRON,"[{open_alerts: 1, total_alerts: 43, new_alerts: 4, repeated_alerts: 4, closed_alerts: 4}]"
2019-09-10,5WPM2,PEGATRON,"[{open_alerts: 3, total_alerts: 43, new_alerts: 4, repeated_alerts: 4, closed_alerts: 4}]"
2019-09-10,6J7PM,PEGATRON,"[{open_alerts: 1, total_alerts: 1, new_alerts: 1, repeated_alerts: 4, closed_alerts: 4}]"
2019-09-10,7818V,PEGATRON,"[{open_alerts: 2, total_alerts: 2, new_alerts: 2, repeated_alerts: 0, closed_alerts: 0}]"
2019-09-10,86GK6,Wistron,"[{open_alerts: 3, total_alerts: 43, new_alerts: 4, repeated_alerts: 4, closed_alerts: 4}]"
2019-09-10,90R22,PEGATRON,"[{open_alerts: 3, total_alerts: 43, new_alerts: 4, repeated_alerts: 4, closed_alerts: 4}]"
2019-09-04,1DGM9,PEGATRON,"[{open_alerts: 3, total_alerts: 43, new_alerts: 4, repeated_alerts: 4, closed_alerts: 4}]"
2019-09-04,1J2DJ,PEGATRON,"[{open_alerts: 1, total_alerts: 1, new_alerts: 1, repeated_alerts: 4, closed_alerts: 4}]"
2019-09-04,1XX88,PEGATRON,"[{open_alerts: 1, total_alerts: 43, new_alerts: 4, repeated_alerts: 4, closed_alerts: 4}]"
2019-09-04,2TH48,Wistron,"[{open_alerts: 5, total_alerts: 5, new_alerts: 5, repeated_alerts: 0, closed_alerts: 0}]"
2019-09-04,3KJ8R,PEGATRON,"[{open_alerts: 2, total_alerts: 43, new_alerts: 4, repeated_alerts: 4, closed_alerts: 4}]"
2019-09-04,49TWY,PEGATRON,"[{open_alerts: 2, total_alerts: 43, new_alerts: 4, repeated_alerts: 4, closed_alerts: 4}]"
2019-09-04,52HY6,PEGATRON,"[{open_alerts: 2, total_alerts: 43, new_alerts: 4, repeated_alerts: 4, closed_alerts: 4}]"
2019-09-04,5T11R,PEGATRON,"[{open_alerts: 2, total_alerts: 43, new_alerts: 4, repeated_alerts: 4, closed_alerts: 4}]"
2019-09-04,6FH27,PEGATRON,"[{open_alerts: 1, total_alerts: 43, new_alerts: 4, repeated_alerts: 4, closed_alerts: 4}]"
2019-09-04,72V2P,PEGATRON,"[{open_alerts: 2, total_alerts: 2, new_alerts: 2, repeated_alerts: 0, closed_alerts: 0}]"
2019-09-04,82T94,Wistron,"[{open_alerts: 3, total_alerts: 43, new_alerts: 4, repeated_alerts: 4, closed_alerts: 4}]"
2019-09-04,8VWVW,PEGATRON,"[{open_alerts: 3, total_alerts: 43, new_alerts: 4, repeated_alerts: 4, closed_alerts: 4}]"
2019-09-04,9KM2C,Wistron,"[{open_alerts: 1, total_alerts: 43, new_alerts: 4, repeated_alerts: 4, closed_alerts: 4}]"
2019-09-13,1J2DJ,PEGATRON,"[{open_alerts: 1, total_alerts: 1, new_alerts: 1, repeated_alerts: 4, closed_alerts: 4}]"
2019-09-13,2356N,Wistron,"[{open_alerts: 1, total_alerts: 1, new_alerts: 1, repeated_alerts: 4, closed_alerts: 4}]"
2019-09-13,306T0,PEGATRON,"[{open_alerts: 2, total_alerts: 2, new_alerts: 2, repeated_alerts: 4, closed_alerts: 4}]"
2019-09-13,3V68G,PEGATRON,"[{open_alerts: 2, total_alerts: 2, new_alerts: 2, repeated_alerts: 4, closed_alerts: 4}]"
2019-09-13,4K3GD,PEGATRON,"[{open_alerts: 2, total_alerts: 2, new_alerts: 2, repeated_alerts: 4, closed_alerts: 4}]"
2019-09-13,591KY,PEGATRON,"[{open_alerts: 3, total_alerts: 43, new_alerts: 4, repeated_alerts: 4, closed_alerts: 4}]"
2019-09-13,5XXJ1,PEGATRON,"[{open_alerts: 2, total_alerts: 43, new_alerts: 4, repeated_alerts: 4, closed_alerts: 4}]"
2019-09-13,6KN0G,Wistron,"[{open_alerts: 1, total_alerts: 43, new_alerts: 4, repeated_alerts: 4, closed_alerts: 4}]"
2019-09-13,7FFXD,Wistron,"[{open_alerts: 1, total_alerts: 1, new_alerts: 1, repeated_alerts: 4, closed_alerts: 4}]"
2019-09-13,878WD,PEGATRON,"[{open_alerts: 1, total_alerts: 1, new_alerts: 1, repeated_alerts: 4, closed_alerts: 4}]"
2019-09-13,92XDX,Wistron,"[{open_alerts: 1, total_alerts: 1, new_alerts: 1, repeated_alerts: 4, closed_alerts: 4}]"
2019-09-23,1R5K7,PEGATRON,"[{open_alerts: 1, total_alerts: 43, new_alerts: 4, repeated_alerts: 4, closed_alerts: 4}]"
2019-09-23,2D3WM,Wistron,"[{open_alerts: 1, total_alerts: 43, new_alerts: 4, repeated_alerts: 4, closed_alerts: 4}]"
2019-09-23,39PJC,PEGATRON,"[{open_alerts: 3, total_alerts: 1, new_alerts: 1, repeated_alerts: 4, closed_alerts: 4}]"
2019-09-23,41PJ8,PEGATRON,"[{open_alerts: 3, total_alerts: 1, new_alerts: 1, repeated_alerts: 4, closed_alerts: 4}]"
2019-09-23,4W4HK,Wistron,"[{open_alerts: 2, total_alerts: 2, new_alerts: 2, repeated_alerts: 4, closed_alerts: 4}]"
2019-09-23,5HDWJ,Wistron,"[{open_alerts: 2, total_alerts: 2, new_alerts: 2, repeated_alerts: 4, closed_alerts: 4}]"
2019-09-23,676NG,PEGATRON,"[{open_alerts: 3, total_alerts: 43, new_alerts: 4, repeated_alerts: 4, closed_alerts: 4}]"
2019-09-23,6T0N1,PEGATRON,"[{open_alerts: 3, total_alerts: 43, new_alerts: 4, repeated_alerts: 4, closed_alerts: 4}]"
2019-09-23,7V8Y3,Wistron,"[{open_alerts: 3, total_alerts: 43, new_alerts: 4, repeated_alerts: 4, closed_alerts: 4}]"
2019-09-23,8M2PJ,PEGATRON,"[{open_alerts: 3, total_alerts: 43, new_alerts: 4, repeated_alerts: 4, closed_alerts: 4}]"
2019-09-23,98J5W,Wistron,"[{open_alerts: 2, total_alerts: 2, new_alerts: 2, repeated_alerts: 0, closed_alerts: 0}]"
2019-09-22,1R4YX,Wistron,"[{open_alerts: 1, total_alerts: 43, new_alerts: 4, repeated_alerts: 4, closed_alerts: 4}]"
2019-09-22,2CG2Y,PEGATRON,"[{open_alerts: 1, total_alerts: 43, new_alerts: 4, repeated_alerts: 4, closed_alerts: 4}]"
2019-09-22,39FXN,Wistron,"[{open_alerts: 3, total_alerts: 43, new_alerts: 4, repeated_alerts: 4, closed_alerts: 4}]"
2019-09-22,40CM0,PEGATRON,"[{open_alerts: 3, total_alerts: 43, new_alerts: 4, repeated_alerts: 4, closed_alerts: 4}]"
2019-09-22,4V24T,PEGATRON,"[{open_alerts: 1, total_alerts: 1, new_alerts: 1, repeated_alerts: 4, closed_alerts: 4}]"
2019-09-22,5H747,PEGATRON,"[{open_alerts: 3, total_alerts: 43, new_alerts: 4, repeated_alerts: 4, closed_alerts: 4}]"
2019-09-22,675JY,Wistron,"[{open_alerts: 3, total_alerts: 43, new_alerts: 4, repeated_alerts: 4, closed_alerts: 4}]"
2019-09-22,6R5P5,Wistron,"[{open_alerts: 3, total_alerts: 43, new_alerts: 4, repeated_alerts: 4, closed_alerts: 4}]"
2019-09-22,7V6F3,PEGATRON,"[{open_alerts: 3, total_alerts: 43, new_alerts: 4, repeated_alerts: 4, closed_alerts: 4}]"
2019-09-22,8HFMF,Wistron,"[{open_alerts: 3, total_alerts: 43, new_alerts: 4, repeated_alerts: 4, closed_alerts: 4}]"
2019-09-22,989WD,PEGATRON,"[{open_alerts: 5, total_alerts: 5, new_alerts: 5, repeated_alerts: 0, closed_alerts: 0}]"
2019-09-15,1KHD8,PEGATRON,"[{open_alerts: 2, total_alerts: 2, new_alerts: 2, repeated_alerts: 4, closed_alerts: 4}]"
2019-09-15,24KRM,Wistron,"[{open_alerts: 2, total_alerts: 2, new_alerts: 2, repeated_alerts: 4, closed_alerts: 4}]"
2019-09-15,34GPR,PEGATRON,"[{open_alerts: 3, total_alerts: 43, new_alerts: 4, repeated_alerts: 4, closed_alerts: 4}]"
2019-09-15,3W80X,PEGATRON,"[{open_alerts: 3, total_alerts: 43, new_alerts: 4, repeated_alerts: 4, closed_alerts: 4}]"
2019-09-15,4N4MT,PEGATRON,"[{open_alerts: 3, total_alerts: 43, new_alerts: 4, repeated_alerts: 4, closed_alerts: 4}]"
2019-09-15,5CMWK,PEGATRON,"[{open_alerts: 1, total_alerts: 1, new_alerts: 1, repeated_alerts: 4, closed_alerts: 4}]"
2019-09-15,60K5F,PEGATRON,"[{open_alerts: 3, total_alerts: 43, new_alerts: 4, repeated_alerts: 4, closed_alerts: 4}]"
2019-09-15,6KW2K,Wistron,"[{open_alerts: 3, total_alerts: 43, new_alerts: 4, repeated_alerts: 4, closed_alerts: 4}]"
2019-09-15,7GR5W,Wistron,"[{open_alerts: 6, total_alerts: 7, new_alerts: 2, repeated_alerts: 4, closed_alerts: 4}]"
2019-09-15,89R4X,PEGATRON,"[{open_alerts: 6, total_alerts: 7, new_alerts: 2, repeated_alerts: 4, closed_alerts: 4}]"
2019-09-15,935G6,Wistron,"[{open_alerts: 6, total_alerts: 7, new_alerts: 2, repeated_alerts: 4, closed_alerts: 4}]"
2019-09-06,1DGM9,Wistron,"[{open_alerts: 3, total_alerts: 43, new_alerts: 4, repeated_alerts: 4, closed_alerts: 4}]"
2019-09-06,1FHF9,Wistron,"[{open_alerts: 1, total_alerts: 43, new_alerts: 4, repeated_alerts: 4, closed_alerts: 4}]"
2019-09-06,206C9,PEGATRON,"[{open_alerts: 3, total_alerts: 43, new_alerts: 4, repeated_alerts: 4, closed_alerts: 4}]"
2019-09-06,2V5MN,Wistron,"[{open_alerts: 5, total_alerts: 5, new_alerts: 5, repeated_alerts: 0, closed_alerts: 0}]"
2019-09-06,3MJ79,PEGATRON,"[{open_alerts: 1, total_alerts: 43, new_alerts: 4, repeated_alerts: 4, closed_alerts: 4}]"
2019-09-06,4C7X9,PEGATRON,"[{open_alerts: 1, total_alerts: 43, new_alerts: 4, repeated_alerts: 4, closed_alerts: 4}]"
2019-09-06,55NPX,PEGATRON,"[{open_alerts: 3, total_alerts: 43, new_alerts: 4, repeated_alerts: 4, closed_alerts: 4}]"
2019-09-06,5V5Y1,PEGATRON,"[{open_alerts: 3, total_alerts: 43, new_alerts: 4, repeated_alerts: 4, closed_alerts: 4}]"
2019-09-06,6GKJD,PEGATRON,"[{open_alerts: 2, total_alerts: 43, new_alerts: 4, repeated_alerts: 4, closed_alerts: 4}]"
2019-09-06,73F4M,PEGATRON,"[{open_alerts: 2, total_alerts: 2, new_alerts: 2, repeated_alerts: 0, closed_alerts: 0}]"
2019-09-06,83D3Y,Wistron,"[{open_alerts: 3, total_alerts: 43, new_alerts: 4, repeated_alerts: 4, closed_alerts: 4}]"
2019-09-06,8W7M2,PEGATRON,"[{open_alerts: 3, total_alerts: 43, new_alerts: 4, repeated_alerts: 4, closed_alerts: 4}]"
2019-09-19,1P6W7,Wistron,"[{open_alerts: 6, total_alerts: 7, new_alerts: 2, repeated_alerts: 4, closed_alerts: 4}]"
2019-09-19,1PX2F,PEGATRON,"[{open_alerts: 3, total_alerts: 43, new_alerts: 4, repeated_alerts: 4, closed_alerts: 4}]"
2019-09-19,26GXT,PEGATRON,"[{open_alerts: 6, total_alerts: 7, new_alerts: 2, repeated_alerts: 4, closed_alerts: 4}]"
2019-09-19,26XGK,Wistron,"[{open_alerts: 3, total_alerts: 43, new_alerts: 4, repeated_alerts: 4, closed_alerts: 4}]"
2019-09-19,37GVD,Wistron,"[{open_alerts: 1, total_alerts: 43, new_alerts: 4, repeated_alerts: 4, closed_alerts: 4}]"
2019-09-19,37Y02,PEGATRON,"[{open_alerts: 1, total_alerts: 43, new_alerts: 4, repeated_alerts: 4, closed_alerts: 4}]"
2019-09-19,3X80Y,PEGATRON,"[{open_alerts: 1, total_alerts: 43, new_alerts: 4, repeated_alerts: 4, closed_alerts: 4}]"
2019-09-19,3XCNC,Wistron,"[{open_alerts: 1, total_alerts: 43, new_alerts: 4, repeated_alerts: 4, closed_alerts: 4}]"
2019-09-19,4R9KD,PEGATRON,"[{open_alerts: 2, total_alerts: 43, new_alerts: 4, repeated_alerts: 4, closed_alerts: 4}]"
2019-09-19,4RC58,Wistron,"[{open_alerts: 3, total_alerts: 43, new_alerts: 4, repeated_alerts: 4, closed_alerts: 4}]"
2019-09-19,5FRK9,PEGATRON,"[{open_alerts: 1, total_alerts: 43, new_alerts: 4, repeated_alerts: 4, closed_alerts: 4}]"
2019-09-19,5FTFH,Wistron,"[{open_alerts: 1, total_alerts: 43, new_alerts: 4, repeated_alerts: 4, closed_alerts: 4}]"
2019-09-19,62VYN,PEGATRON,"[{open_alerts: 3, total_alerts: 43, new_alerts: 4, repeated_alerts: 4, closed_alerts: 4}]"
2019-09-19,63XGY,PEGATRON,"[{open_alerts: 1, total_alerts: 43, new_alerts: 4, repeated_alerts: 4, closed_alerts: 4}]"
2019-09-19,6NDTV,PEGATRON,"[{open_alerts: 1, total_alerts: 1, new_alerts: 1, repeated_alerts: 4, closed_alerts: 4}]"
2019-09-19,6NGKR,Wistron,"[{open_alerts: 1, total_alerts: 43, new_alerts: 4, repeated_alerts: 4, closed_alerts: 4}]"
2019-09-19,7JWNW,PEGATRON,"[{open_alerts: 3, total_alerts: 43, new_alerts: 4, repeated_alerts: 4, closed_alerts: 4}]"
2019-09-19,7M94R,Wistron,"[{open_alerts: 1, total_alerts: 43, new_alerts: 4, repeated_alerts: 4, closed_alerts: 4}]"
2019-09-19,8DHWY,Wistron,"[{open_alerts: 3, total_alerts: 43, new_alerts: 4, repeated_alerts: 4, closed_alerts: 4}]"
2019-09-19,8FJF8,PEGATRON,"[{open_alerts: 1, total_alerts: 43, new_alerts: 4, repeated_alerts: 4, closed_alerts: 4}]"
2019-09-19,96HW3,PEGATRON,"[{open_alerts: 5, total_alerts: 5, new_alerts: 5, repeated_alerts: 0, closed_alerts: 0}]"
2019-09-19,979C8,Wistron,"[{open_alerts: 2, total_alerts: 2, new_alerts: 2, repeated_alerts: 0, closed_alerts: 0}]"
2019-09-11,1GN56,PEGATRON,"[{open_alerts: 1, total_alerts: 1, new_alerts: 1, repeated_alerts: 4, closed_alerts: 4}]"
2019-09-11,22PNF,Wistron,"[{open_alerts: 1, total_alerts: 1, new_alerts: 1, repeated_alerts: 4, closed_alerts: 4}]"
2019-09-11,2Y37G,PEGATRON,"[{open_alerts: 2, total_alerts: 2, new_alerts: 2, repeated_alerts: 0, closed_alerts: 0}]"
2019-09-11,3TMJX,PEGATRON,"[{open_alerts: 2, total_alerts: 2, new_alerts: 2, repeated_alerts: 4, closed_alerts: 4}]"
2019-09-11,4JN4P,PEGATRON,"[{open_alerts: 2, total_alerts: 2, new_alerts: 2, repeated_alerts: 4, closed_alerts: 4}]"
2019-09-11,58FW5,PEGATRON,"[{open_alerts: 2, total_alerts: 43, new_alerts: 4, repeated_alerts: 4, closed_alerts: 4}]"
2019-09-11,5X7DK,PEGATRON,"[{open_alerts: 1, total_alerts: 43, new_alerts: 4, repeated_alerts: 4, closed_alerts: 4}]"
2019-09-11,6JD4Y,PEGATRON,"[{open_alerts: 3, total_alerts: 43, new_alerts: 4, repeated_alerts: 4, closed_alerts: 4}]"
2019-09-11,788Y4,Wistron,"[{open_alerts: 5, total_alerts: 5, new_alerts: 5, repeated_alerts: 0, closed_alerts: 0}]"
2019-09-11,86PT1,PEGATRON,"[{open_alerts: 3, total_alerts: 43, new_alerts: 4, repeated_alerts: 4, closed_alerts: 4}]"
2019-09-11,90YMR,Wistron,"[{open_alerts: 3, total_alerts: 43, new_alerts: 4, repeated_alerts: 4, closed_alerts: 4}]"
2019-09-24,1RX0H,Wistron,"[{open_alerts: 2, total_alerts: 43, new_alerts: 4, repeated_alerts: 4, closed_alerts: 4}]"
2019-09-24,2DWT5,PEGATRON,"[{open_alerts: 2, total_alerts: 43, new_alerts: 4, repeated_alerts: 4, closed_alerts: 4}]"
2019-09-24,3C2HC,Wistron,"[{open_alerts: 2, total_alerts: 1, new_alerts: 1, repeated_alerts: 4, closed_alerts: 4}]"
2019-09-24,4257F,Wistron,"[{open_alerts: 2, total_alerts: 1, new_alerts: 1, repeated_alerts: 4, closed_alerts: 4}]"
2019-09-24,4X3D3,PEGATRON,"[{open_alerts: 3, total_alerts: 43, new_alerts: 4, repeated_alerts: 4, closed_alerts: 4}]"
2019-09-24,5HT18,PEGATRON,"[{open_alerts: 1, total_alerts: 1, new_alerts: 1, repeated_alerts: 4, closed_alerts: 4}]"
2019-09-24,67T84,Wistron,"[{open_alerts: 2, total_alerts: 2, new_alerts: 2, repeated_alerts: 4, closed_alerts: 4}]"
2019-09-24,6T2GR,Wistron,"[{open_alerts: 2, total_alerts: 2, new_alerts: 2, repeated_alerts: 4, closed_alerts: 4}]"
2019-09-24,7VG9Y,PEGATRON,"[{open_alerts: 3, total_alerts: 1, new_alerts: 1, repeated_alerts: 4, closed_alerts: 4}]"
2019-09-24,8MF5J,Wistron,"[{open_alerts: 3, total_alerts: 1, new_alerts: 1, repeated_alerts: 4, closed_alerts: 4}]"
2019-09-24,99YHF,PEGATRON,"[{open_alerts: 5, total_alerts: 5, new_alerts: 5, repeated_alerts: 0, closed_alerts: 0}]"
2019-09-25,1T0V1,PEGATRON,"[{open_alerts: 3, total_alerts: 43, new_alerts: 4, repeated_alerts: 4, closed_alerts: 4}]"
2019-09-25,2FVXN,Wistron,"[{open_alerts: 3, total_alerts: 43, new_alerts: 4, repeated_alerts: 4, closed_alerts: 4}]"
2019-09-25,3D84K,PEGATRON,"[{open_alerts: 3, total_alerts: 1, new_alerts: 1, repeated_alerts: 4, closed_alerts: 4}]"
2019-09-25,436RK,PEGATRON,"[{open_alerts: 3, total_alerts: 1, new_alerts: 1, repeated_alerts: 4, closed_alerts: 4}]"
2019-09-25,4X8C0,PEGATRON,"[{open_alerts: 1, total_alerts: 43, new_alerts: 4, repeated_alerts: 4, closed_alerts: 4}]"
2019-09-25,5JWWX,PEGATRON,"[{open_alerts: 3, total_alerts: 43, new_alerts: 4, repeated_alerts: 4, closed_alerts: 4}]"
2019-09-25,67Y2G,PEGATRON,"[{open_alerts: 1, total_alerts: 1, new_alerts: 1, repeated_alerts: 4, closed_alerts: 4}]"
2019-09-25,6T6R5,PEGATRON,"[{open_alerts: 1, total_alerts: 1, new_alerts: 1, repeated_alerts: 4, closed_alerts: 4}]"
2019-09-25,7VP04,Wistron,"[{open_alerts: 2, total_alerts: 1, new_alerts: 1, repeated_alerts: 4, closed_alerts: 4}]"
2019-09-25,8MK37,PEGATRON,"[{open_alerts: 2, total_alerts: 1, new_alerts: 1, repeated_alerts: 4, closed_alerts: 4}]"
2019-09-25,9C0DW,Wistron,"[{open_alerts: 2, total_alerts: 2, new_alerts: 2, repeated_alerts: 0, closed_alerts: 0}]"
2019-09-05,1DNG6,PEGATRON,"[{open_alerts: 1, total_alerts: 43, new_alerts: 4, repeated_alerts: 4, closed_alerts: 4}]"
2019-09-05,1Y50G,Wistron,"[{open_alerts: 2, total_alerts: 43, new_alerts: 4, repeated_alerts: 4, closed_alerts: 4}]"
2019-09-05,2TYCD,PEGATRON,"[{open_alerts: 2, total_alerts: 2, new_alerts: 2, repeated_alerts: 0, closed_alerts: 0}]"
2019-09-05,3M001,Wistron,"[{open_alerts: 3, total_alerts: 43, new_alerts: 4, repeated_alerts: 4, closed_alerts: 4}]"
2019-09-05,4C1JR,Wistron,"[{open_alerts: 3, total_alerts: 43, new_alerts: 4, repeated_alerts: 4, closed_alerts: 4}]"
2019-09-05,52R2G,Wistron,"[{open_alerts: 3, total_alerts: 43, new_alerts: 4, repeated_alerts: 4, closed_alerts: 4}]"
2019-09-05,5T7VC,Wistron,"[{open_alerts: 3, total_alerts: 43, new_alerts: 4, repeated_alerts: 4, closed_alerts: 4}]"
2019-09-05,6FJ4C,Wistron,"[{open_alerts: 1, total_alerts: 43, new_alerts: 4, repeated_alerts: 4, closed_alerts: 4}]"
2019-09-05,730C3,Wistron,"[{open_alerts: 5, total_alerts: 5, new_alerts: 5, repeated_alerts: 0, closed_alerts: 0}]"
2019-09-05,82YG3,PEGATRON,"[{open_alerts: 2, total_alerts: 43, new_alerts: 4, repeated_alerts: 4, closed_alerts: 4}]"
2019-09-05,8VXM3,Wistron,"[{open_alerts: 2, total_alerts: 43, new_alerts: 4, repeated_alerts: 4, closed_alerts: 4}]"
2019-09-05,9KMN7,PEGATRON,"[{open_alerts: 2, total_alerts: 43, new_alerts: 4, repeated_alerts: 4, closed_alerts: 4}]"
2019-09-12,1HYFT,Wistron,"[{open_alerts: 2, total_alerts: 1, new_alerts: 1, repeated_alerts: 4, closed_alerts: 4}]"
2019-09-12,2312X,PEGATRON,"[{open_alerts: 2, total_alerts: 1, new_alerts: 1, repeated_alerts: 4, closed_alerts: 4}]"
2019-09-12,2YFDN,Wistron,"[{open_alerts: 1, total_alerts: 1, new_alerts: 1, repeated_alerts: 4, closed_alerts: 4}]"
2019-09-12,3TTFG,Wistron,"[{open_alerts: 1, total_alerts: 1, new_alerts: 1, repeated_alerts: 4, closed_alerts: 4}]"
2019-09-12,4JVTD,Wistron,"[{open_alerts: 1, total_alerts: 1, new_alerts: 1, repeated_alerts: 4, closed_alerts: 4}]"
2019-09-12,58GHP,Wistron,"[{open_alerts: 3, total_alerts: 43, new_alerts: 4, repeated_alerts: 4, closed_alerts: 4}]"
2019-09-12,5XJGF,Wistron,"[{open_alerts: 1, total_alerts: 43, new_alerts: 4, repeated_alerts: 4, closed_alerts: 4}]"
2019-09-12,6JTX8,PEGATRON,"[{open_alerts: 1, total_alerts: 43, new_alerts: 4, repeated_alerts: 4, closed_alerts: 4}]"
2019-09-12,7CT8G,PEGATRON,"[{open_alerts: 2, total_alerts: 2, new_alerts: 2, repeated_alerts: 0, closed_alerts: 0}]"
2019-09-12,8759Y,Wistron,"[{open_alerts: 2, total_alerts: 2, new_alerts: 2, repeated_alerts: 4, closed_alerts: 4}]"
2019-09-12,924G5,PEGATRON,"[{open_alerts: 2, total_alerts: 2, new_alerts: 2, repeated_alerts: 4, closed_alerts: 4}]"
2019-09-09,1FHF9,Wistron,"[{open_alerts: 3, total_alerts: 1, new_alerts: 1, repeated_alerts: 4, closed_alerts: 4}]"
2019-09-09,1G1MG,PEGATRON,"[{open_alerts: 2, total_alerts: 1, new_alerts: 1, repeated_alerts: 4, closed_alerts: 4}]"
2019-09-09,20VGR,PEGATRON,"[{open_alerts: 3, total_alerts: 1, new_alerts: 1, repeated_alerts: 4, closed_alerts: 4}]"
2019-09-09,221RD,Wistron,"[{open_alerts: 2, total_alerts: 1, new_alerts: 1, repeated_alerts: 4, closed_alerts: 4}]"
2019-09-09,2WKHT,Wistron,"[{open_alerts: 5, total_alerts: 5, new_alerts: 5, repeated_alerts: 0, closed_alerts: 0}]"
2019-09-09,2WT10,PEGATRON,"[{open_alerts: 2, total_alerts: 2, new_alerts: 2, repeated_alerts: 0, closed_alerts: 0}]"
2019-09-09,3P01D,PEGATRON,"[{open_alerts: 2, total_alerts: 43, new_alerts: 4, repeated_alerts: 4, closed_alerts: 4}]"
2019-09-09,3P18G,PEGATRON,"[{open_alerts: 3, total_alerts: 43, new_alerts: 4, repeated_alerts: 4, closed_alerts: 4}]"
2019-09-09,4F4Y8,PEGATRON,"[{open_alerts: 2, total_alerts: 43, new_alerts: 4, repeated_alerts: 4, closed_alerts: 4}]"
2019-09-09,4GHW7,Wistron,"[{open_alerts: 3, total_alerts: 43, new_alerts: 4, repeated_alerts: 4, closed_alerts: 4}]"
2019-09-09,57GFD,PEGATRON,"[{open_alerts: 1, total_alerts: 1, new_alerts: 1, repeated_alerts: 4, closed_alerts: 4}]"
2019-09-09,57T16,Wistron,"[{open_alerts: 1, total_alerts: 43, new_alerts: 4, repeated_alerts: 4, closed_alerts: 4}]"
2019-09-09,5WCPH,PEGATRON,"[{open_alerts: 1, total_alerts: 1, new_alerts: 1, repeated_alerts: 4, closed_alerts: 4}]"
2019-09-09,5WNC9,Wistron,"[{open_alerts: 2, total_alerts: 2, new_alerts: 2, repeated_alerts: 4, closed_alerts: 4}]"
2019-09-09,6HMCJ,PEGATRON,"[{open_alerts: 3, total_alerts: 43, new_alerts: 4, repeated_alerts: 4, closed_alerts: 4}]"
2019-09-09,6HR5M,Wistron,"[{open_alerts: 2, total_alerts: 2, new_alerts: 2, repeated_alerts: 4, closed_alerts: 4}]"
2019-09-09,74T9D,PEGATRON,"[{open_alerts: 2, total_alerts: 2, new_alerts: 2, repeated_alerts: 0, closed_alerts: 0}]"
2019-09-09,76VXN,Wistron,"[{open_alerts: 5, total_alerts: 5, new_alerts: 5, repeated_alerts: 0, closed_alerts: 0}]"
2019-09-09,84J55,Wistron,"[{open_alerts: 1, total_alerts: 43, new_alerts: 4, repeated_alerts: 4, closed_alerts: 4}]"
2019-09-09,84RFJ,PEGATRON,"[{open_alerts: 2, total_alerts: 43, new_alerts: 4, repeated_alerts: 4, closed_alerts: 4}]"
2019-09-09,8YH87,PEGATRON,"[{open_alerts: 1, total_alerts: 43, new_alerts: 4, repeated_alerts: 4, closed_alerts: 4}]"
2019-09-09,90PC6,Wistron,"[{open_alerts: 2, total_alerts: 43, new_alerts: 4, repeated_alerts: 4, closed_alerts: 4}]"
2019-09-17,1KP2R,PEGATRON,"[{open_alerts: 2, total_alerts: 2, new_alerts: 2, repeated_alerts: 4, closed_alerts: 4}]"
2019-09-17,25XYG,Wistron,"[{open_alerts: 2, total_alerts: 2, new_alerts: 2, repeated_alerts: 4, closed_alerts: 4}]"
2019-09-17,3737Y,PEGATRON,"[{open_alerts: 3, total_alerts: 43, new_alerts: 4, repeated_alerts: 4, closed_alerts: 4}]"
2019-09-17,3X40K,Wistron,"[{open_alerts: 3, total_alerts: 43, new_alerts: 4, repeated_alerts: 4, closed_alerts: 4}]"
2019-09-17,4R6K4,PEGATRON,"[{open_alerts: 1, total_alerts: 43, new_alerts: 4, repeated_alerts: 4, closed_alerts: 4}]"
2019-09-17,5DNNC,PEGATRON,"[{open_alerts: 3, total_alerts: 43, new_alerts: 4, repeated_alerts: 4, closed_alerts: 4}]"
2019-09-17,61MKT,PEGATRON,"[{open_alerts: 1, total_alerts: 1, new_alerts: 1, repeated_alerts: 4, closed_alerts: 4}]"
2019-09-17,6NCRY,Wistron,"[{open_alerts: 2, total_alerts: 2, new_alerts: 2, repeated_alerts: 4, closed_alerts: 4}]"
2019-09-17,7J1FV,Wistron,"[{open_alerts: 2, total_alerts: 43, new_alerts: 4, repeated_alerts: 4, closed_alerts: 4}]"
2019-09-17,8D87T,PEGATRON,"[{open_alerts: 2, total_alerts: 43, new_alerts: 4, repeated_alerts: 4, closed_alerts: 4}]"
2019-09-17,96FKF,Wistron,"[{open_alerts: 2, total_alerts: 2, new_alerts: 2, repeated_alerts: 0, closed_alerts: 0}]"
2019-09-27,1VXC6,PEGATRON,"[{open_alerts: 2, total_alerts: 2, new_alerts: 2, repeated_alerts: 4, closed_alerts: 4}]"
2019-09-27,2H23C,Wistron,"[{open_alerts: 2, total_alerts: 2, new_alerts: 2, repeated_alerts: 4, closed_alerts: 4}]"
2019-09-27,3G81T,Wistron,"[{open_alerts: 2, total_alerts: 1, new_alerts: 1, repeated_alerts: 4, closed_alerts: 4}]"
2019-09-27,44F19,PEGATRON,"[{open_alerts: 2, total_alerts: 1, new_alerts: 1, repeated_alerts: 4, closed_alerts: 4}]"
2019-09-27,4XTHJ,PEGATRON,"[{open_alerts: 2, total_alerts: 43, new_alerts: 4, repeated_alerts: 4, closed_alerts: 4}]"
2019-09-27,5K8K0,Wistron,"[{open_alerts: 1, total_alerts: 43, new_alerts: 4, repeated_alerts: 4, closed_alerts: 4}]"
2019-09-27,690G1,PEGATRON,"[{open_alerts: 1, total_alerts: 43, new_alerts: 4, repeated_alerts: 4, closed_alerts: 4}]"
2019-09-27,6WMN0,PEGATRON,"[{open_alerts: 3, total_alerts: 43, new_alerts: 4, repeated_alerts: 4, closed_alerts: 4}]"
2019-09-27,7X2FK,Wistron,"[{open_alerts: 1, total_alerts: 1, new_alerts: 1, repeated_alerts: 4, closed_alerts: 4}]"
2019-09-27,8NMTW,PEGATRON,"[{open_alerts: 1, total_alerts: 1, new_alerts: 1, repeated_alerts: 4, closed_alerts: 4}]"
2019-09-27,9DMCC,Wistron,"[{open_alerts: 2, total_alerts: 2, new_alerts: 2, repeated_alerts: 0, closed_alerts: 0}]"
2019-09-21,1R4GY,PEGATRON,"[{open_alerts: 3, total_alerts: 43, new_alerts: 4, repeated_alerts: 4, closed_alerts: 4}]"
2019-09-21,2C6J8,Wistron,"[{open_alerts: 3, total_alerts: 43, new_alerts: 4, repeated_alerts: 4, closed_alerts: 4}]"
2019-09-21,397CR,PEGATRON,"[{open_alerts: 3, total_alerts: 43, new_alerts: 4, repeated_alerts: 4, closed_alerts: 4}]"
2019-09-21,3Y43J,Wistron,"[{open_alerts: 3, total_alerts: 43, new_alerts: 4, repeated_alerts: 4, closed_alerts: 4}]"
2019-09-21,4TDH3,Wistron,"[{open_alerts: 2, total_alerts: 2, new_alerts: 2, repeated_alerts: 4, closed_alerts: 4}]"
2019-09-21,5H1YT,Wistron,"[{open_alerts: 3, total_alerts: 43, new_alerts: 4, repeated_alerts: 4, closed_alerts: 4}]"
2019-09-21,65GG2,PEGATRON,"[{open_alerts: 2, total_alerts: 43, new_alerts: 4, repeated_alerts: 4, closed_alerts: 4}]"
2019-09-21,6PW5N,PEGATRON,"[{open_alerts: 2, total_alerts: 43, new_alerts: 4, repeated_alerts: 4, closed_alerts: 4}]"
2019-09-21,7NK01,Wistron,"[{open_alerts: 2, total_alerts: 43, new_alerts: 4, repeated_alerts: 4, closed_alerts: 4}]"
2019-09-21,8GC46,PEGATRON,"[{open_alerts: 2, total_alerts: 43, new_alerts: 4, repeated_alerts: 4, closed_alerts: 4}]"
2019-09-21,985X2,Wistron,"[{open_alerts: 2, total_alerts: 2, new_alerts: 2, repeated_alerts: 0, closed_alerts: 0}]"
2019-09-01,19YP4,PEGATRON,"[{open_alerts: 3, total_alerts: 43, new_alerts: 4, repeated_alerts: 4, closed_alerts: 4}]"
2019-09-01,1G4VN,Wistron,"[{open_alerts: 3, total_alerts: 43, new_alerts: 4, repeated_alerts: 4, closed_alerts: 4}]"
2019-09-01,1X4PP,Wistron,"[{open_alerts: 2, total_alerts: 43, new_alerts: 4, repeated_alerts: 4, closed_alerts: 4}]"
2019-09-01,2MPJ8,PEGATRON,"[{open_alerts: 2, total_alerts: 2, new_alerts: 2, repeated_alerts: 0, closed_alerts: 0}]"
2019-09-01,3J86Y,PEGATRON,"[{open_alerts: 2, total_alerts: 2, new_alerts: 2, repeated_alerts: 4, closed_alerts: 4}]"
2019-09-01,47XHX,PEGATRON,"[{open_alerts: 2, total_alerts: 2, new_alerts: 2, repeated_alerts: 4, closed_alerts: 4}]"
2019-09-01,50RW9,PEGATRON,"[{open_alerts: 3, total_alerts: 43, new_alerts: 4, repeated_alerts: 4, closed_alerts: 4}]"
2019-09-01,5P9R2,PEGATRON,"[{open_alerts: 1, total_alerts: 1, new_alerts: 1, repeated_alerts: 4, closed_alerts: 4}]"
2019-09-01,6C73X,PEGATRON,"[{open_alerts: 1, total_alerts: 1, new_alerts: 1, repeated_alerts: 4, closed_alerts: 4}]"
2019-09-01,6Y7N0,Wistron,"[{open_alerts: 5, total_alerts: 5, new_alerts: 5, repeated_alerts: 0, closed_alerts: 0}]"
2019-09-01,7YF39,PEGATRON,"[{open_alerts: 1, total_alerts: 1, new_alerts: 1, repeated_alerts: 4, closed_alerts: 4}]"
2019-09-01,8VR08,Wistron,"[{open_alerts: 1, total_alerts: 1, new_alerts: 1, repeated_alerts: 4, closed_alerts: 4}]"
2019-09-01,9J99W,PEGATRON,"[{open_alerts: 2, total_alerts: 43, new_alerts: 4, repeated_alerts: 4, closed_alerts: 4}]"
2019-08-29,7X38D,PEGATRON,"[{open_alerts: 2, total_alerts: 1, new_alerts: 1, repeated_alerts: 4, closed_alerts: 4}]"
2019-09-02,1CRPM,Wistron,"[{open_alerts: 2, total_alerts: 2, new_alerts: 2, repeated_alerts: 4, closed_alerts: 4}]"
2019-09-02,1GN56,PEGATRON,"[{open_alerts: 3, total_alerts: 43, new_alerts: 4, repeated_alerts: 4, closed_alerts: 4}]"
2019-09-02,1X7MY,PEGATRON,"[{open_alerts: 3, total_alerts: 43, new_alerts: 4, repeated_alerts: 4, closed_alerts: 4}]"
2019-09-02,2MYDD,Wistron,"[{open_alerts: 5, total_alerts: 5, new_alerts: 5, repeated_alerts: 0, closed_alerts: 0}]"
2019-09-02,3JH0R,PEGATRON,"[{open_alerts: 6, total_alerts: 7, new_alerts: 2, repeated_alerts: 4, closed_alerts: 4}]"
2019-09-02,4838J,Wistron,"[{open_alerts: 6, total_alerts: 7, new_alerts: 2, repeated_alerts: 4, closed_alerts: 4}]"
2019-09-02,50XCW,PEGATRON,"[{open_alerts: 1, total_alerts: 43, new_alerts: 4, repeated_alerts: 4, closed_alerts: 4}]"
2019-09-02,5PWMN,Wistron,"[{open_alerts: 1, total_alerts: 43, new_alerts: 4, repeated_alerts: 4, closed_alerts: 4}]"
2019-09-02,6CN58,Wistron,"[{open_alerts: 2, total_alerts: 2, new_alerts: 2, repeated_alerts: 4, closed_alerts: 4}]"
2019-09-02,6YX8V,PEGATRON,"[{open_alerts: 2, total_alerts: 2, new_alerts: 2, repeated_alerts: 0, closed_alerts: 0}]"
2019-09-02,8017N,Wistron,"[{open_alerts: 2, total_alerts: 2, new_alerts: 2, repeated_alerts: 4, closed_alerts: 4}]"
2019-09-02,8VTT9,PEGATRON,"[{open_alerts: 2, total_alerts: 2, new_alerts: 2, repeated_alerts: 4, closed_alerts: 4}]"
2019-09-02,9K30Y,Wistron,"[{open_alerts: 3, total_alerts: 43, new_alerts: 4, repeated_alerts: 4, closed_alerts: 4}]"
2019-09-16,1KNHX,Wistron,"[{open_alerts: 1, total_alerts: 1, new_alerts: 1, repeated_alerts: 4, closed_alerts: 4}]"
2019-09-16,24TMD,PEGATRON,"[{open_alerts: 1, total_alerts: 1, new_alerts: 1, repeated_alerts: 4, closed_alerts: 4}]"
2019-09-16,36M0F,Wistron,"[{open_alerts: 2, total_alerts: 43, new_alerts: 4, repeated_alerts: 4, closed_alerts: 4}]"
2019-09-16,3WV3P,PEGATRON,"[{open_alerts: 2, total_alerts: 43, new_alerts: 4, repeated_alerts: 4, closed_alerts: 4}]"
2019-09-16,4R34C,Wistron,"[{open_alerts: 1, total_alerts: 43, new_alerts: 4, repeated_alerts: 4, closed_alerts: 4}]"
2019-09-16,5DM58,Wistron,"[{open_alerts: 2, total_alerts: 2, new_alerts: 2, repeated_alerts: 4, closed_alerts: 4}]"
2019-09-16,60KGT,Wistron,"[{open_alerts: 2, total_alerts: 2, new_alerts: 2, repeated_alerts: 4, closed_alerts: 4}]"
2019-09-16,6MY1T,PEGATRON,"[{open_alerts: 3, total_alerts: 43, new_alerts: 4, repeated_alerts: 4, closed_alerts: 4}]"
2019-09-16,7HKJ0,PEGATRON,"[{open_alerts: 3, total_alerts: 43, new_alerts: 4, repeated_alerts: 4, closed_alerts: 4}]"
2019-09-16,89RCP,Wistron,"[{open_alerts: 3, total_alerts: 43, new_alerts: 4, repeated_alerts: 4, closed_alerts: 4}]"
2019-09-16,936DD,PEGATRON,"[{open_alerts: 5, total_alerts: 5, new_alerts: 5, repeated_alerts: 0, closed_alerts: 0}]"
2019-09-26,1TF10,Wistron,"[{open_alerts: 3, total_alerts: 43, new_alerts: 4, repeated_alerts: 4, closed_alerts: 4}]"
2019-09-26,2GVXN,PEGATRON,"[{open_alerts: 3, total_alerts: 43, new_alerts: 4, repeated_alerts: 4, closed_alerts: 4}]"
2019-09-26,3DTMX,PEGATRON,"[{open_alerts: 1, total_alerts: 1, new_alerts: 1, repeated_alerts: 4, closed_alerts: 4}]"
2019-09-26,43RR8,Wistron,"[{open_alerts: 1, total_alerts: 1, new_alerts: 1, repeated_alerts: 4, closed_alerts: 4}]"
2019-09-26,4XF77,Wistron,"[{open_alerts: 1, total_alerts: 43, new_alerts: 4, repeated_alerts: 4, closed_alerts: 4}]"
2019-09-26,5K4WH,PEGATRON,"[{open_alerts: 1, total_alerts: 43, new_alerts: 4, repeated_alerts: 4, closed_alerts: 4}]"
2019-09-26,68X72,Wistron,"[{open_alerts: 1, total_alerts: 43, new_alerts: 4, repeated_alerts: 4, closed_alerts: 4}]"
2019-09-26,6T7P6,Wistron,"[{open_alerts: 2, total_alerts: 2, new_alerts: 2, repeated_alerts: 4, closed_alerts: 4}]"
2019-09-26,7WHN7,PEGATRON,"[{open_alerts: 3, total_alerts: 1, new_alerts: 1, repeated_alerts: 4, closed_alerts: 4}]"
2019-09-26,8N2WW,Wistron,"[{open_alerts: 3, total_alerts: 1, new_alerts: 1, repeated_alerts: 4, closed_alerts: 4}]"
2019-09-26,9CHJN,PEGATRON,"[{open_alerts: 5, total_alerts: 5, new_alerts: 5, repeated_alerts: 0, closed_alerts: 0}]"
2019-09-03,1D28N,PEGATRON,"[{open_alerts: 1, total_alerts: 1, new_alerts: 1, repeated_alerts: 4, closed_alerts: 4}]"
2019-09-03,1HYFT,Wistron,"[{open_alerts: 2, total_alerts: 2, new_alerts: 2, repeated_alerts: 4, closed_alerts: 4}]"
2019-09-03,1XNWP,Wistron,"[{open_alerts: 1, total_alerts: 43, new_alerts: 4, repeated_alerts: 4, closed_alerts: 4}]"
2019-09-03,2R8H9,PEGATRON,"[{open_alerts: 2, total_alerts: 2, new_alerts: 2, repeated_alerts: 0, closed_alerts: 0}]"
2019-09-03,3K5JM,Wistron,"[{open_alerts: 3, total_alerts: 43, new_alerts: 4, repeated_alerts: 4, closed_alerts: 4}]"
2019-09-03,49PR0,PEGATRON,"[{open_alerts: 3, total_alerts: 43, new_alerts: 4, repeated_alerts: 4, closed_alerts: 4}]"
2019-09-03,51FD1,Wistron,"[{open_alerts: 1, total_alerts: 43, new_alerts: 4, repeated_alerts: 4, closed_alerts: 4}]"
2019-09-03,5R48F,PEGATRON,"[{open_alerts: 1, total_alerts: 43, new_alerts: 4, repeated_alerts: 4, closed_alerts: 4}]"
2019-09-03,6D0P1,PEGATRON,"[{open_alerts: 3, total_alerts: 43, new_alerts: 4, repeated_alerts: 4, closed_alerts: 4}]"
2019-09-03,70GW2,Wistron,"[{open_alerts: 5, total_alerts: 5, new_alerts: 5, repeated_alerts: 0, closed_alerts: 0}]"
2019-09-03,8200M,PEGATRON,"[{open_alerts: 6, total_alerts: 7, new_alerts: 2, repeated_alerts: 4, closed_alerts: 4}]"
2019-09-03,8VW84,Wistron,"[{open_alerts: 6, total_alerts: 7, new_alerts: 2, repeated_alerts: 4, closed_alerts: 4}]"
2019-09-03,9K8WM,PEGATRON,"[{open_alerts: 1, total_alerts: 43, new_alerts: 4, repeated_alerts: 4, closed_alerts: 4}]"
2019-09-30,18YRW,PEGATRON,"[{open_alerts: 2, total_alerts: 43, new_alerts: 4, repeated_alerts: 4, closed_alerts: 4}]"
2019-09-30,1WTT4,Wistron,"[{open_alerts: 6, total_alerts: 7, new_alerts: 2, repeated_alerts: 4, closed_alerts: 4}]"
2019-09-30,2K1HG,PEGATRON,"[{open_alerts: 6, total_alerts: 7, new_alerts: 2, repeated_alerts: 4, closed_alerts: 4}]"
2019-09-30,3H7YR,PEGATRON,"[{open_alerts: 2, total_alerts: 2, new_alerts: 2, repeated_alerts: 4, closed_alerts: 4}]"
2019-09-30,469XK,PEGATRON,"[{open_alerts: 2, total_alerts: 2, new_alerts: 2, repeated_alerts: 4, closed_alerts: 4}]"
2019-09-30,502DK,Wistron,"[{open_alerts: 2, total_alerts: 2, new_alerts: 2, repeated_alerts: 4, closed_alerts: 4}]"
2019-09-30,5MHV7,PEGATRON,"[{open_alerts: 3, total_alerts: 43, new_alerts: 4, repeated_alerts: 4, closed_alerts: 4}]"
2019-09-30,69P3H,PEGATRON,"[{open_alerts: 3, total_alerts: 43, new_alerts: 4, repeated_alerts: 4, closed_alerts: 4}]"
2019-09-30,7XGRK,PEGATRON,"[{open_alerts: 1, total_alerts: 1, new_alerts: 1, repeated_alerts: 4, closed_alerts: 4}]"
2019-09-30,8TP36,Wistron,"[{open_alerts: 1, total_alerts: 1, new_alerts: 1, repeated_alerts: 4, closed_alerts: 4}]"
2019-09-30,9GPD1,PEGATRON,"[{open_alerts: 6, total_alerts: 7, new_alerts: 2, repeated_alerts: 4, closed_alerts: 4}]"
2019-09-29,18FR1,Wistron,"[{open_alerts: 1, total_alerts: 43, new_alerts: 4, repeated_alerts: 4, closed_alerts: 4}]"
2019-09-29,1VY5C,Wistron,"[{open_alerts: 1, total_alerts: 1, new_alerts: 1, repeated_alerts: 4, closed_alerts: 4}]"
2019-09-29,1WT3F,PEGATRON,"[{open_alerts: 2, total_alerts: 2, new_alerts: 2, repeated_alerts: 4, closed_alerts: 4}]"
2019-09-29,2JTN2,PEGATRON,"[{open_alerts: 1, total_alerts: 1, new_alerts: 1, repeated_alerts: 4, closed_alerts: 4}]"
2019-09-29,2JXP9,Wistron,"[{open_alerts: 2, total_alerts: 2, new_alerts: 2, repeated_alerts: 4, closed_alerts: 4}]"
2019-09-29,3GFMM,PEGATRON,"[{open_alerts: 1, total_alerts: 1, new_alerts: 1, repeated_alerts: 4, closed_alerts: 4}]"
2019-09-29,3GX8Y,Wistron,"[{open_alerts: 1, total_alerts: 1, new_alerts: 1, repeated_alerts: 4, closed_alerts: 4}]"
2019-09-29,45HRD,Wistron,"[{open_alerts: 1, total_alerts: 1, new_alerts: 1, repeated_alerts: 4, closed_alerts: 4}]"
2019-09-29,469N6,PEGATRON,"[{open_alerts: 1, total_alerts: 1, new_alerts: 1, repeated_alerts: 4, closed_alerts: 4}]"
2019-09-29,4YHVG,Wistron,"[{open_alerts: 3, total_alerts: 43, new_alerts: 4, repeated_alerts: 4, closed_alerts: 4}]"
2019-09-29,4YRRD,PEGATRON,"[{open_alerts: 3, total_alerts: 43, new_alerts: 4, repeated_alerts: 4, closed_alerts: 4}]"
2019-09-29,5KVJP,PEGATRON,"[{open_alerts: 2, total_alerts: 43, new_alerts: 4, repeated_alerts: 4, closed_alerts: 4}]"
2019-09-29,5KYVP,Wistron,"[{open_alerts: 3, total_alerts: 43, new_alerts: 4, repeated_alerts: 4, closed_alerts: 4}]"
2019-09-29,69C9M,PEGATRON,"[{open_alerts: 2, total_alerts: 43, new_alerts: 4, repeated_alerts: 4, closed_alerts: 4}]"
2019-09-29,69DN8,Wistron,"[{open_alerts: 3, total_alerts: 43, new_alerts: 4, repeated_alerts: 4, closed_alerts: 4}]"
2019-09-29,6WYM4,PEGATRON,"[{open_alerts: 1, total_alerts: 43, new_alerts: 4, repeated_alerts: 4, closed_alerts: 4}]"
2019-09-29,7XGJ2,Wistron,"[{open_alerts: 1, total_alerts: 1, new_alerts: 1, repeated_alerts: 4, closed_alerts: 4}]"
2019-09-29,8NYJV,Wistron,"[{open_alerts: 2, total_alerts: 1, new_alerts: 1, repeated_alerts: 4, closed_alerts: 4}]"
2019-09-29,8PJ5Y,PEGATRON,"[{open_alerts: 1, total_alerts: 1, new_alerts: 1, repeated_alerts: 4, closed_alerts: 4}]"
2019-09-29,9DN04,PEGATRON,"[{open_alerts: 1, total_alerts: 1, new_alerts: 1, repeated_alerts: 4, closed_alerts: 4}]"
2019-09-29,9G3P0,Wistron,"[{open_alerts: 2, total_alerts: 2, new_alerts: 2, repeated_alerts: 4, closed_alerts: 4}]"
2019-09-14,1JH4P,Wistron,"[{open_alerts: 1, total_alerts: 1, new_alerts: 1, repeated_alerts: 4, closed_alerts: 4}]"
2019-09-14,241J2,PEGATRON,"[{open_alerts: 1, total_alerts: 1, new_alerts: 1, repeated_alerts: 4, closed_alerts: 4}]"
2019-09-14,30F77,Wistron,"[{open_alerts: 6, total_alerts: 7, new_alerts: 2, repeated_alerts: 4, closed_alerts: 4}]"
2019-09-14,3W7XV,Wistron,"[{open_alerts: 6, total_alerts: 7, new_alerts: 2, repeated_alerts: 4, closed_alerts: 4}]"
2019-09-14,4KGD5,Wistron,"[{open_alerts: 6, total_alerts: 7, new_alerts: 2, repeated_alerts: 4, closed_alerts: 4}]"
2019-09-14,59RP8,Wistron,"[{open_alerts: 2, total_alerts: 2, new_alerts: 2, repeated_alerts: 4, closed_alerts: 4}]"
2019-09-14,5YK4W,Wistron,"[{open_alerts: 3, total_alerts: 43, new_alerts: 4, repeated_alerts: 4, closed_alerts: 4}]"
2019-09-14,6KRNM,PEGATRON,"[{open_alerts: 2, total_alerts: 43, new_alerts: 4, repeated_alerts: 4, closed_alerts: 4}]"
2019-09-14,7GCNC,PEGATRON,"[{open_alerts: 2, total_alerts: 2, new_alerts: 2, repeated_alerts: 4, closed_alerts: 4}]"
2019-09-14,886X5,Wistron,"[{open_alerts: 2, total_alerts: 2, new_alerts: 2, repeated_alerts: 4, closed_alerts: 4}]"
2019-09-14,933HF,PEGATRON,"[{open_alerts: 2, total_alerts: 2, new_alerts: 2, repeated_alerts: 4, closed_alerts: 4}]"
2019-09-07,1DNG6,PEGATRON,"[{open_alerts: 3, total_alerts: 43, new_alerts: 4, repeated_alerts: 4, closed_alerts: 4}]"
2019-09-07,1G1MG,PEGATRON,"[{open_alerts: 2, total_alerts: 43, new_alerts: 4, repeated_alerts: 4, closed_alerts: 4}]"
2019-09-07,20RDX,Wistron,"[{open_alerts: 3, total_alerts: 43, new_alerts: 4, repeated_alerts: 4, closed_alerts: 4}]"
2019-09-07,2WDP8,PEGATRON,"[{open_alerts: 2, total_alerts: 2, new_alerts: 2, repeated_alerts: 0, closed_alerts: 0}]"
2019-09-07,3NF5F,Wistron,"[{open_alerts: 1, total_alerts: 43, new_alerts: 4, repeated_alerts: 4, closed_alerts: 4}]"
2019-09-07,4CTJP,Wistron,"[{open_alerts: 1, total_alerts: 43, new_alerts: 4, repeated_alerts: 4, closed_alerts: 4}]"
2019-09-07,57FK8,Wistron,"[{open_alerts: 2, total_alerts: 2, new_alerts: 2, repeated_alerts: 4, closed_alerts: 4}]"
2019-09-07,5V736,Wistron,"[{open_alerts: 2, total_alerts: 2, new_alerts: 2, repeated_alerts: 4, closed_alerts: 4}]"
2019-09-07,6H90J,Wistron,"[{open_alerts: 3, total_alerts: 43, new_alerts: 4, repeated_alerts: 4, closed_alerts: 4}]"
2019-09-07,73M8T,Wistron,"[{open_alerts: 5, total_alerts: 5, new_alerts: 5, repeated_alerts: 0, closed_alerts: 0}]"
2019-09-07,83DRP,PEGATRON,"[{open_alerts: 1, total_alerts: 43, new_alerts: 4, repeated_alerts: 4, closed_alerts: 4}]"
2019-09-07,8XDX9,Wistron,"[{open_alerts: 1, total_alerts: 43, new_alerts: 4, repeated_alerts: 4, closed_alerts: 4}]"
2019-08-30,192XW,Wistron,"[{open_alerts: 3, total_alerts: 43, new_alerts: 4, repeated_alerts: 4, closed_alerts: 4}]"
2019-08-30,1WY6P,PEGATRON,"[{open_alerts: 3, total_alerts: 43, new_alerts: 4, repeated_alerts: 4, closed_alerts: 4}]"
2019-08-30,2KYYV,Wistron,"[{open_alerts: 5, total_alerts: 5, new_alerts: 5, repeated_alerts: 0, closed_alerts: 0}]"
2019-08-30,3J528,Wistron,"[{open_alerts: 1, total_alerts: 1, new_alerts: 1, repeated_alerts: 4, closed_alerts: 4}]"
2019-08-30,472F0,Wistron,"[{open_alerts: 1, total_alerts: 1, new_alerts: 1, repeated_alerts: 4, closed_alerts: 4}]"
2019-08-30,507JG,PEGATRON,"[{open_alerts: 1, total_alerts: 1, new_alerts: 1, repeated_alerts: 4, closed_alerts: 4}]"
2019-08-30,5MPC2,Wistron,"[{open_alerts: 2, total_alerts: 2, new_alerts: 2, repeated_alerts: 4, closed_alerts: 4}]"
2019-08-30,69YVW,Wistron,"[{open_alerts: 2, total_alerts: 2, new_alerts: 2, repeated_alerts: 4, closed_alerts: 4}]"
2019-08-30,7XR24,Wistron,"[{open_alerts: 2, total_alerts: 2, new_alerts: 2, repeated_alerts: 4, closed_alerts: 4}]"
2019-08-30,8V0RK,PEGATRON,"[{open_alerts: 2, total_alerts: 2, new_alerts: 2, repeated_alerts: 4, closed_alerts: 4}]"
2019-08-30,9HJ8T,Wistron,"[{open_alerts: 3, total_alerts: 43, new_alerts: 4, repeated_alerts: 4, closed_alerts: 4}]"
2019-09-20,1R3JH,Wistron,"[{open_alerts: 2, total_alerts: 43, new_alerts: 4, repeated_alerts: 4, closed_alerts: 4}]"
2019-09-20,28WVD,PEGATRON,"[{open_alerts: 2, total_alerts: 43, new_alerts: 4, repeated_alerts: 4, closed_alerts: 4}]"
2019-09-20,385Y9,Wistron,"[{open_alerts: 2, total_alerts: 43, new_alerts: 4, repeated_alerts: 4, closed_alerts: 4}]"
2019-09-20,3Y1D8,PEGATRON,"[{open_alerts: 2, total_alerts: 43, new_alerts: 4, repeated_alerts: 4, closed_alerts: 4}]"
2019-09-20,4T6PT,PEGATRON,"[{open_alerts: 3, total_alerts: 43, new_alerts: 4, repeated_alerts: 4, closed_alerts: 4}]"
2019-09-20,5GV3R,PEGATRON,"[{open_alerts: 2, total_alerts: 43, new_alerts: 4, repeated_alerts: 4, closed_alerts: 4}]"
2019-09-20,644G3,Wistron,"[{open_alerts: 1, total_alerts: 43, new_alerts: 4, repeated_alerts: 4, closed_alerts: 4}]"
2019-09-20,6PPGD,PEGATRON,"[{open_alerts: 1, total_alerts: 43, new_alerts: 4, repeated_alerts: 4, closed_alerts: 4}]"
2019-09-20,7MM7X,PEGATRON,"[{open_alerts: 1, total_alerts: 43, new_alerts: 4, repeated_alerts: 4, closed_alerts: 4}]"
2019-09-20,8G1W4,Wistron,"[{open_alerts: 1, total_alerts: 43, new_alerts: 4, repeated_alerts: 4, closed_alerts: 4}]"
2019-09-20,97MKR,PEGATRON,"[{open_alerts: 5, total_alerts: 5, new_alerts: 5, repeated_alerts: 0, closed_alerts: 0}]"