report_date,part_num,site,red_alerts
2019-09-10,003-0054-01,APCC,"[{open_alerts: 2, total_alerts: 43, new_alerts: 4, repeated_alerts: 4, closed_alerts: 4}]"
2019-09-10,038-004-156,APCC,"[{open_alerts: 2, total_alerts: 43, new_alerts: 4, repeated_alerts: 4, closed_alerts: 4}]"
2019-09-10,038-004-579,APCC,"[{open_alerts: 2, total_alerts: 43, new_alerts: 4, repeated_alerts: 4, closed_alerts: 4}]"
2019-09-10,08NM3,APCC,"[{open_alerts: 2, total_alerts: 43, new_alerts: 4, repeated_alerts: 4, closed_alerts: 4}]"
2019-09-10,0VCXN,APCC,"[{open_alerts: 2, total_alerts: 43, new_alerts: 4, repeated_alerts: 4, closed_alerts: 4}]"
2019-09-10,63YJP,APCC,"[{open_alerts: 2, total_alerts: 43, new_alerts: 4, repeated_alerts: 4, closed_alerts: 4}]"
2019-09-10,804NC,APCC,"[{open_alerts: 2, total_alerts: 43, new_alerts: 4, repeated_alerts: 4, closed_alerts: 4}]"
2019-09-10,85KND,APCC,"[{open_alerts: 2, total_alerts: 43, new_alerts: 4, repeated_alerts: 4, closed_alerts: 4}]"
2019-09-10,F875V,APCC,"[{open_alerts: 2, total_alerts: 43, new_alerts: 4, repeated_alerts: 4, closed_alerts: 4}]"
2019-09-10,GTX48,APCC,"[{open_alerts: 2, total_alerts: 43, new_alerts: 4, repeated_alerts: 4, closed_alerts: 4}]"
2019-09-10,NFRJF,APCC,"[{open_alerts: 2, total_alerts: 43, new_alerts: 4, repeated_alerts: 4, closed_alerts: 4}]"
2019-09-04,003-0045-01,APCC,"[{open_alerts: 6, total_alerts: 7, new_alerts: 2, repeated_alerts: 4, closed_alerts: 4}]"
2019-09-04,038-004-067-01,APCC,"[{open_alerts: 6, total_alerts: 7, new_alerts: 2, repeated_alerts: 4, closed_alerts: 4}]"
2019-09-04,038-004-481,APCC,"[{open_alerts: 6, total_alerts: 7, new_alerts: 2, repeated_alerts: 4, closed_alerts: 4}]"
2019-09-04,4FWF7,APCC,"[{open_alerts: 6, total_alerts: 7, new_alerts: 2, repeated_alerts: 4, closed_alerts: 4}]"
2019-09-04,6GD9C,APCC,"[{open_alerts: 6, total_alerts: 7, new_alerts: 2, repeated_alerts: 4, closed_alerts: 4}]"
2019-09-04,CCT36,APCC,"[{open_alerts: 6, total_alerts: 7, new_alerts: 2, repeated_alerts: 4, closed_alerts: 4}]"
2019-09-04,CH16N,APCC,"[{open_alerts: 6, total_alerts: 7, new_alerts: 2, repeated_alerts: 4, closed_alerts: 4}]"
2019-09-04,M1F57,APCC,"[{open_alerts: 6, total_alerts: 7, new_alerts: 2, repeated_alerts: 4, closed_alerts: 4}]"
2019-09-04,VM1D6,APCC,"[{open_alerts: 6, total_alerts: 7, new_alerts: 2, repeated_alerts: 4, closed_alerts: 4}]"
2019-09-04,VR648,APCC,"[{open_alerts: 6, total_alerts: 7, new_alerts: 2, repeated_alerts: 4, closed_alerts: 4}]"
2019-09-04,YNW0F,APCC,"[{open_alerts: 6, total_alerts: 7, new_alerts: 2, repeated_alerts: 4, closed_alerts: 4}]"
2019-09-13,003-0120-01,EMFP,"[{open_alerts: 3, total_alerts: 1, new_alerts: 1, repeated_alerts: 4, closed_alerts: 4}]"
2019-09-13,038-004-216,EMFP,"[{open_alerts: 3, total_alerts: 1, new_alerts: 1, repeated_alerts: 4, closed_alerts: 4}]"
2019-09-13,038-004-591,EMFP,"[{open_alerts: 3, total_alerts: 1, new_alerts: 1, repeated_alerts: 4, closed_alerts: 4}]"
2019-09-13,17C57,EMFP,"[{open_alerts: 3, total_alerts: 1, new_alerts: 1, repeated_alerts: 4, closed_alerts: 4}]"
2019-09-13,1RKV5,EMFP,"[{open_alerts: 3, total_alerts: 1, new_alerts: 1, repeated_alerts: 4, closed_alerts: 4}]"
2019-09-13,6CGJT,EMFP,"[{open_alerts: 3, total_alerts: 1, new_alerts: 1, repeated_alerts: 4, closed_alerts: 4}]"
2019-09-13,99JNC,EMFP,"[{open_alerts: 3, total_alerts: 1, new_alerts: 1, repeated_alerts: 4, closed_alerts: 4}]"
2019-09-13,HYVPH,EMFP,"[{open_alerts: 3, total_alerts: 1, new_alerts: 1, repeated_alerts: 4, closed_alerts: 4}]"
2019-09-13,HYXPX,EMFP,"[{open_alerts: 3, total_alerts: 1, new_alerts: 1, repeated_alerts: 4, closed_alerts: 4}]"
2019-09-13,P4T35,EMFP,"[{open_alerts: 3, total_alerts: 1, new_alerts: 1, repeated_alerts: 4, closed_alerts: 4}]"
2019-09-13,PJPW3,EMFP,"[{open_alerts: 3, total_alerts: 1, new_alerts: 1, repeated_alerts: 4, closed_alerts: 4}]"
2019-09-23,038-003-618,APCC,"[{open_alerts: 6, total_alerts: 7, new_alerts: 2, repeated_alerts: 4, closed_alerts: 4}]"
2019-09-23,038-004-293,APCC,"[{open_alerts: 6, total_alerts: 7, new_alerts: 2, repeated_alerts: 4, closed_alerts: 4}]"
2019-09-23,2CTMC,APCC,"[{open_alerts: 6, total_alerts: 7, new_alerts: 2, repeated_alerts: 4, closed_alerts: 4}]"
2019-09-23,3J2TF,APCC,"[{open_alerts: 6, total_alerts: 7, new_alerts: 2, repeated_alerts: 4, closed_alerts: 4}]"
2019-09-23,3X41T,APCC,"[{open_alerts: 6, total_alerts: 7, new_alerts: 2, repeated_alerts: 4, closed_alerts: 4}]"
2019-09-23,5J5VH,APCC,"[{open_alerts: 6, total_alerts: 7, new_alerts: 2, repeated_alerts: 4, closed_alerts: 4}]"
2019-09-23,8X63N,APCC,"[{open_alerts: 6, total_alerts: 7, new_alerts: 2, repeated_alerts: 4, closed_alerts: 4}]"
2019-09-23,DRC9H,APCC,"[{open_alerts: 6, total_alerts: 7, new_alerts: 2, repeated_alerts: 4, closed_alerts: 4}]"
2019-09-23,NMTXR,APCC,"[{open_alerts: 6, total_alerts: 7, new_alerts: 2, repeated_alerts: 4, closed_alerts: 4}]"
2019-09-23,NWMX1,APCC,"[{open_alerts: 6, total_alerts: 7, new_alerts: 2, repeated_alerts: 4, closed_alerts: 4}]"
2019-09-23,V51JV,APCC,"[{open_alerts: 6, total_alerts: 7, new_alerts: 2, repeated_alerts: 4, closed_alerts: 4}]"
2019-09-22,038-002-479-01,CCC,"[{open_alerts: 2, total_alerts: 2, new_alerts: 2, repeated_alerts: 4, closed_alerts: 4}]"
2019-09-22,038-004-228,CCC,"[{open_alerts: 2, total_alerts: 2, new_alerts: 2, repeated_alerts: 4, closed_alerts: 4}]"
2019-09-22,1FC3P,CCC,"[{open_alerts: 2, total_alerts: 2, new_alerts: 2, repeated_alerts: 4, closed_alerts: 4}]"
2019-09-22,255T6,CCC,"[{open_alerts: 2, total_alerts: 2, new_alerts: 2, repeated_alerts: 4, closed_alerts: 4}]"
2019-09-22,3FG6P,CCC,"[{open_alerts: 2, total_alerts: 2, new_alerts: 2, repeated_alerts: 4, closed_alerts: 4}]"
2019-09-22,54NM2,CCC,"[{open_alerts: 2, total_alerts: 2, new_alerts: 2, repeated_alerts: 4, closed_alerts: 4}]"
2019-09-22,8TVYY,CCC,"[{open_alerts: 2, total_alerts: 2, new_alerts: 2, repeated_alerts: 4, closed_alerts: 4}]"
2019-09-22,D7D0V,CCC,"[{open_alerts: 2, total_alerts: 2, new_alerts: 2, repeated_alerts: 4, closed_alerts: 4}]"
2019-09-22,N2VFR,CCC,"[{open_alerts: 2, total_alerts: 2, new_alerts: 2, repeated_alerts: 4, closed_alerts: 4}]"
2019-09-22,NVHFY,CCC,"[{open_alerts: 2, total_alerts: 2, new_alerts: 2, repeated_alerts: 4, closed_alerts: 4}]"
2019-09-22,TNDGX,CCC,"[{open_alerts: 2, total_alerts: 2, new_alerts: 2, repeated_alerts: 4, closed_alerts: 4}]"
2019-09-15,038-000-139,CCC,"[{open_alerts: 3, total_alerts: 1, new_alerts: 1, repeated_alerts: 4, closed_alerts: 4}]"
2019-09-15,038-004-218,CCC,"[{open_alerts: 3, total_alerts: 1, new_alerts: 1, repeated_alerts: 4, closed_alerts: 4}]"
2019-09-15,038-004-611,CCC,"[{open_alerts: 3, total_alerts: 1, new_alerts: 1, repeated_alerts: 4, closed_alerts: 4}]"
2019-09-15,0DN02,CCC,"[{open_alerts: 3, total_alerts: 1, new_alerts: 1, repeated_alerts: 4, closed_alerts: 4}]"
2019-09-15,1KKGV,CCC,"[{open_alerts: 3, total_alerts: 1, new_alerts: 1, repeated_alerts: 4, closed_alerts: 4}]"
2019-09-15,2NM4Y,CCC,"[{open_alerts: 3, total_alerts: 1, new_alerts: 1, repeated_alerts: 4, closed_alerts: 4}]"
2019-09-15,715F0,CCC,"[{open_alerts: 3, total_alerts: 1, new_alerts: 1, repeated_alerts: 4, closed_alerts: 4}]"
2019-09-15,9HHH8,CCC,"[{open_alerts: 3, total_alerts: 1, new_alerts: 1, repeated_alerts: 4, closed_alerts: 4}]"
2019-09-15,J7Y3C,CCC,"[{open_alerts: 3, total_alerts: 1, new_alerts: 1, repeated_alerts: 4, closed_alerts: 4}]"
2019-09-15,KN2NM,CCC,"[{open_alerts: 3, total_alerts: 1, new_alerts: 1, repeated_alerts: 4, closed_alerts: 4}]"
2019-09-15,PW3M7,CCC,"[{open_alerts: 3, total_alerts: 1, new_alerts: 1, repeated_alerts: 4, closed_alerts: 4}]"
2019-09-06,003-0048-01,APCC,"[{open_alerts: 2, total_alerts: 43, new_alerts: 4, repeated_alerts: 4, closed_alerts: 4}]"
2019-09-06,038-004-142-01,APCC,"[{open_alerts: 2, total_alerts: 43, new_alerts: 4, repeated_alerts: 4, closed_alerts: 4}]"
2019-09-06,038-004-507-03,APCC,"[{open_alerts: 2, total_alerts: 43, new_alerts: 4, repeated_alerts: 4, closed_alerts: 4}]"
2019-09-06,4YXMF,APCC,"[{open_alerts: 2, total_alerts: 43, new_alerts: 4, repeated_alerts: 4, closed_alerts: 4}]"
2019-09-06,6JWP4,APCC,"[{open_alerts: 2, total_alerts: 43, new_alerts: 4, repeated_alerts: 4, closed_alerts: 4}]"
2019-09-06,900RP,APCC,"[{open_alerts: 2, total_alerts: 43, new_alerts: 4, repeated_alerts: 4, closed_alerts: 4}]"
2019-09-06,CDT82,APCC,"[{open_alerts: 2, total_alerts: 43, new_alerts: 4, repeated_alerts: 4, closed_alerts: 4}]"
2019-09-06,D4V21,APCC,"[{open_alerts: 2, total_alerts: 43, new_alerts: 4, repeated_alerts: 4, closed_alerts: 4}]"
2019-09-06,MCV6J,APCC,"[{open_alerts: 2, total_alerts: 43, new_alerts: 4, repeated_alerts: 4, closed_alerts: 4}]"
2019-09-06,WTHG4,APCC,"[{open_alerts: 2, total_alerts: 43, new_alerts: 4, repeated_alerts: 4, closed_alerts: 4}]"
2019-09-06,X5DPT,APCC,"[{open_alerts: 2, total_alerts: 43, new_alerts: 4, repeated_alerts: 4, closed_alerts: 4}]"
2019-09-02,003-0041-01,APCC,"[{open_alerts: 1, total_alerts: 1, new_alerts: 1, repeated_alerts: 4, closed_alerts: 4}]"
2019-09-02,038-004-065-01,APCC,"[{open_alerts: 1, total_alerts: 1, new_alerts: 1, repeated_alerts: 4, closed_alerts: 4}]"
2019-09-02,038-004-432,APCC,"[{open_alerts: 1, total_alerts: 1, new_alerts: 1, repeated_alerts: 4, closed_alerts: 4}]"
2019-09-02,4FGD7,APCC,"[{open_alerts: 1, total_alerts: 1, new_alerts: 1, repeated_alerts: 4, closed_alerts: 4}]"
2019-09-02,61DV4,APCC,"[{open_alerts: 1, total_alerts: 1, new_alerts: 1, repeated_alerts: 4, closed_alerts: 4}]"
2019-09-02,821PJ,APCC,"[{open_alerts: 1, total_alerts: 1, new_alerts: 1, repeated_alerts: 4, closed_alerts: 4}]"
2019-09-02,97XFP,APCC,"[{open_alerts: 1, total_alerts: 1, new_alerts: 1, repeated_alerts: 4, closed_alerts: 4}]"
2019-09-02,K60N7,APCC,"[{open_alerts: 1, total_alerts: 1, new_alerts: 1, repeated_alerts: 4, closed_alerts: 4}]"
2019-09-02,VC27V,APCC,"[{open_alerts: 1, total_alerts: 1, new_alerts: 1, repeated_alerts: 4, closed_alerts: 4}]"
2019-09-02,VMNDF,APCC,"[{open_alerts: 1, total_alerts: 1, new_alerts: 1, repeated_alerts: 4, closed_alerts: 4}]"
2019-09-02,Y78KR,APCC,"[{open_alerts: 1, total_alerts: 1, new_alerts: 1, repeated_alerts: 4, closed_alerts: 4}]"
2019-09-19,038-002-064-02,CCC,"[{open_alerts: 1, total_alerts: 1, new_alerts: 1, repeated_alerts: 4, closed_alerts: 4}]"
2019-09-19,038-002-066-02,EMFP,"[{open_alerts: 1, total_alerts: 1, new_alerts: 1, repeated_alerts: 4, closed_alerts: 4}]"
2019-09-19,038-004-221,CCC,"[{open_alerts: 1, total_alerts: 1, new_alerts: 1, repeated_alerts: 4, closed_alerts: 4}]"
2019-09-19,038-004-222,EMFP,"[{open_alerts: 1, total_alerts: 1, new_alerts: 1, repeated_alerts: 4, closed_alerts: 4}]"
2019-09-19,038-004-703,CCC,"[{open_alerts: 1, total_alerts: 1, new_alerts: 1, repeated_alerts: 4, closed_alerts: 4}]"
2019-09-19,038-004-917,EMFP,"[{open_alerts: 1, total_alerts: 1, new_alerts: 1, repeated_alerts: 4, closed_alerts: 4}]"
2019-09-19,0VK3T,CCC,"[{open_alerts: 1, total_alerts: 1, new_alerts: 1, repeated_alerts: 4, closed_alerts: 4}]"
2019-09-19,19YR3,EMFP,"[{open_alerts: 1, total_alerts: 1, new_alerts: 1, repeated_alerts: 4, closed_alerts: 4}]"
2019-09-19,2GJ4W,CCC,"[{open_alerts: 1, total_alerts: 1, new_alerts: 1, repeated_alerts: 4, closed_alerts: 4}]"
2019-09-19,2H9FJ,EMFP,"[{open_alerts: 1, total_alerts: 1, new_alerts: 1, repeated_alerts: 4, closed_alerts: 4}]"
2019-09-19,3YX8R,CCC,"[{open_alerts: 1, total_alerts: 1, new_alerts: 1, repeated_alerts: 4, closed_alerts: 4}]"
2019-09-19,4C9G6,EMFP,"[{open_alerts: 1, total_alerts: 1, new_alerts: 1, repeated_alerts: 4, closed_alerts: 4}]"
2019-09-19,800GY,CCC,"[{open_alerts: 1, total_alerts: 1, new_alerts: 1, repeated_alerts: 4, closed_alerts: 4}]"
2019-09-19,82DRM,EMFP,"[{open_alerts: 1, total_alerts: 1, new_alerts: 1, repeated_alerts: 4, closed_alerts: 4}]"
2019-09-19,CK14T,CCC,"[{open_alerts: 1, total_alerts: 1, new_alerts: 1, repeated_alerts: 4, closed_alerts: 4}]"
2019-09-19,CPDPW,EMFP,"[{open_alerts: 1, total_alerts: 1, new_alerts: 1, repeated_alerts: 4, closed_alerts: 4}]"
2019-09-19,MCGPN,CCC,"[{open_alerts: 1, total_alerts: 1, new_alerts: 1, repeated_alerts: 4, closed_alerts: 4}]"
2019-09-19,MHK36,EMFP,"[{open_alerts: 1, total_alerts: 1, new_alerts: 1, repeated_alerts: 4, closed_alerts: 4}]"
2019-09-19,MKYF9,CCC,"[{open_alerts: 1, total_alerts: 1, new_alerts: 1, repeated_alerts: 4, closed_alerts: 4}]"
2019-09-19,N205T,EMFP,"[{open_alerts: 1, total_alerts: 1, new_alerts: 1, repeated_alerts: 4, closed_alerts: 4}]"
2019-09-19,RT7ND,CCC,"[{open_alerts: 1, total_alerts: 1, new_alerts: 1, repeated_alerts: 4, closed_alerts: 4}]"
2019-09-19,T5JXK,EMFP,"[{open_alerts: 1, total_alerts: 1, new_alerts: 1, repeated_alerts: 4, closed_alerts: 4}]"
2019-09-11,003-0055-01,CCC,"[{open_alerts: 3, total_alerts: 43, new_alerts: 4, repeated_alerts: 4, closed_alerts: 4}]"
2019-09-11,038-004-186,CCC,"[{open_alerts: 3, total_alerts: 43, new_alerts: 4, repeated_alerts: 4, closed_alerts: 4}]"
2019-09-11,038-004-580,CCC,"[{open_alerts: 3, total_alerts: 43, new_alerts: 4, repeated_alerts: 4, closed_alerts: 4}]"
2019-09-11,0PHJ5,CCC,"[{open_alerts: 3, total_alerts: 43, new_alerts: 4, repeated_alerts: 4, closed_alerts: 4}]"
2019-09-11,1275K,CCC,"[{open_alerts: 3, total_alerts: 43, new_alerts: 4, repeated_alerts: 4, closed_alerts: 4}]"
2019-09-11,66P44,CCC,"[{open_alerts: 3, total_alerts: 43, new_alerts: 4, repeated_alerts: 4, closed_alerts: 4}]"
2019-09-11,8YV65,CCC,"[{open_alerts: 3, total_alerts: 43, new_alerts: 4, repeated_alerts: 4, closed_alerts: 4}]"
2019-09-11,94P80,CCC,"[{open_alerts: 3, total_alerts: 43, new_alerts: 4, repeated_alerts: 4, closed_alerts: 4}]"
2019-09-11,FDMRM,CCC,"[{open_alerts: 3, total_alerts: 43, new_alerts: 4, repeated_alerts: 4, closed_alerts: 4}]"
2019-09-11,H04VY,CCC,"[{open_alerts: 3, total_alerts: 43, new_alerts: 4, repeated_alerts: 4, closed_alerts: 4}]"
2019-09-11,NVJ59,CCC,"[{open_alerts: 3, total_alerts: 43, new_alerts: 4, repeated_alerts: 4, closed_alerts: 4}]"
2019-09-24,038-003-728-01,EMFP,"[{open_alerts: 3, total_alerts: 43, new_alerts: 4, repeated_alerts: 4, closed_alerts: 4}]"
2019-09-24,038-004-294,EMFP,"[{open_alerts: 3, total_alerts: 43, new_alerts: 4, repeated_alerts: 4, closed_alerts: 4}]"
2019-09-24,2JWJ3,EMFP,"[{open_alerts: 3, total_alerts: 43, new_alerts: 4, repeated_alerts: 4, closed_alerts: 4}]"
2019-09-24,47J5J,EMFP,"[{open_alerts: 3, total_alerts: 43, new_alerts: 4, repeated_alerts: 4, closed_alerts: 4}]"
2019-09-24,4FV23,EMFP,"[{open_alerts: 3, total_alerts: 43, new_alerts: 4, repeated_alerts: 4, closed_alerts: 4}]"
2019-09-24,5K9GJ,EMFP,"[{open_alerts: 3, total_alerts: 43, new_alerts: 4, repeated_alerts: 4, closed_alerts: 4}]"
2019-09-24,92WNC,EMFP,"[{open_alerts: 3, total_alerts: 43, new_alerts: 4, repeated_alerts: 4, closed_alerts: 4}]"
2019-09-24,F5P84,EMFP,"[{open_alerts: 3, total_alerts: 43, new_alerts: 4, repeated_alerts: 4, closed_alerts: 4}]"
2019-09-24,NXPC4,EMFP,"[{open_alerts: 3, total_alerts: 43, new_alerts: 4, repeated_alerts: 4, closed_alerts: 4}]"
2019-09-24,P4T2F,EMFP,"[{open_alerts: 3, total_alerts: 43, new_alerts: 4, repeated_alerts: 4, closed_alerts: 4}]"
2019-09-24,V9D2K,EMFP,"[{open_alerts: 3, total_alerts: 43, new_alerts: 4, repeated_alerts: 4, closed_alerts: 4}]"
2019-09-05,003-0046-01,EMFP,"[{open_alerts: 3, total_alerts: 43, new_alerts: 4, repeated_alerts: 4, closed_alerts: 4}]"
2019-09-05,038-004-069-02,EMFP,"[{open_alerts: 3, total_alerts: 43, new_alerts: 4, repeated_alerts: 4, closed_alerts: 4}]"
2019-09-05,038-004-506-03,EMFP,"[{open_alerts: 3, total_alerts: 43, new_alerts: 4, repeated_alerts: 4, closed_alerts: 4}]"
2019-09-05,0X290,EMFP,"[{open_alerts: 3, total_alerts: 43, new_alerts: 4, repeated_alerts: 4, closed_alerts: 4}]"
2019-09-05,4THK0,EMFP,"[{open_alerts: 3, total_alerts: 43, new_alerts: 4, repeated_alerts: 4, closed_alerts: 4}]"
2019-09-05,6J4R8,EMFP,"[{open_alerts: 3, total_alerts: 43, new_alerts: 4, repeated_alerts: 4, closed_alerts: 4}]"
2019-09-05,CD39H,EMFP,"[{open_alerts: 3, total_alerts: 43, new_alerts: 4, repeated_alerts: 4, closed_alerts: 4}]"
2019-09-05,CNP0J,EMFP,"[{open_alerts: 3, total_alerts: 43, new_alerts: 4, repeated_alerts: 4, closed_alerts: 4}]"
2019-09-05,M6CNF,EMFP,"[{open_alerts: 3, total_alerts: 43, new_alerts: 4, repeated_alerts: 4, closed_alerts: 4}]"
2019-09-05,VRC88,EMFP,"[{open_alerts: 3, total_alerts: 43, new_alerts: 4, repeated_alerts: 4, closed_alerts: 4}]"
2019-09-05,W83TC,EMFP,"[{open_alerts: 3, total_alerts: 43, new_alerts: 4, repeated_alerts: 4, closed_alerts: 4}]"
2019-09-16,038-001-135-00,EMFP,"[{open_alerts: 1, total_alerts: 1, new_alerts: 1, repeated_alerts: 4, closed_alerts: 4}]"
2019-09-16,038-004-219,EMFP,"[{open_alerts: 1, total_alerts: 1, new_alerts: 1, repeated_alerts: 4, closed_alerts: 4}]"
2019-09-16,038-004-612,EMFP,"[{open_alerts: 1, total_alerts: 1, new_alerts: 1, repeated_alerts: 4, closed_alerts: 4}]"
2019-09-16,0FCCJ,EMFP,"[{open_alerts: 1, total_alerts: 1, new_alerts: 1, repeated_alerts: 4, closed_alerts: 4}]"
2019-09-16,26M10,EMFP,"[{open_alerts: 1, total_alerts: 1, new_alerts: 1, repeated_alerts: 4, closed_alerts: 4}]"
2019-09-16,3P7F3,EMFP,"[{open_alerts: 1, total_alerts: 1, new_alerts: 1, repeated_alerts: 4, closed_alerts: 4}]"
2019-09-16,7PC8X,EMFP,"[{open_alerts: 1, total_alerts: 1, new_alerts: 1, repeated_alerts: 4, closed_alerts: 4}]"
2019-09-16,9N17H,EMFP,"[{open_alerts: 1, total_alerts: 1, new_alerts: 1, repeated_alerts: 4, closed_alerts: 4}]"
2019-09-16,JY0YN,EMFP,"[{open_alerts: 1, total_alerts: 1, new_alerts: 1, repeated_alerts: 4, closed_alerts: 4}]"
2019-09-16,M0VW4,EMFP,"[{open_alerts: 1, total_alerts: 1, new_alerts: 1, repeated_alerts: 4, closed_alerts: 4}]"
2019-09-16,R39F5,EMFP,"[{open_alerts: 1, total_alerts: 1, new_alerts: 1, repeated_alerts: 4, closed_alerts: 4}]"
2019-09-26,038-003-730-01,CCC,"[{open_alerts: 3, total_alerts: 43, new_alerts: 4, repeated_alerts: 4, closed_alerts: 4}]"
2019-09-26,038-004-296,CCC,"[{open_alerts: 3, total_alerts: 43, new_alerts: 4, repeated_alerts: 4, closed_alerts: 4}]"
2019-09-26,2VD0G,CCC,"[{open_alerts: 3, total_alerts: 43, new_alerts: 4, repeated_alerts: 4, closed_alerts: 4}]"
2019-09-26,4WNJN,CCC,"[{open_alerts: 3, total_alerts: 43, new_alerts: 4, repeated_alerts: 4, closed_alerts: 4}]"
2019-09-26,4YRP4,CCC,"[{open_alerts: 3, total_alerts: 43, new_alerts: 4, repeated_alerts: 4, closed_alerts: 4}]"
2019-09-26,6XRYC,CCC,"[{open_alerts: 3, total_alerts: 43, new_alerts: 4, repeated_alerts: 4, closed_alerts: 4}]"
2019-09-26,C3CMT,CCC,"[{open_alerts: 3, total_alerts: 43, new_alerts: 4, repeated_alerts: 4, closed_alerts: 4}]"
2019-09-26,G75JV,CCC,"[{open_alerts: 3, total_alerts: 43, new_alerts: 4, repeated_alerts: 4, closed_alerts: 4}]"
2019-09-26,P93V1,CCC,"[{open_alerts: 3, total_alerts: 43, new_alerts: 4, repeated_alerts: 4, closed_alerts: 4}]"
2019-09-26,PVW05,CCC,"[{open_alerts: 3, total_alerts: 43, new_alerts: 4, repeated_alerts: 4, closed_alerts: 4}]"
2019-09-26,VH2V8,CCC,"[{open_alerts: 3, total_alerts: 43, new_alerts: 4, repeated_alerts: 4, closed_alerts: 4}]"
2019-09-03,003-0044-01,CCC,"[{open_alerts: 2, total_alerts: 2, new_alerts: 2, repeated_alerts: 4, closed_alerts: 4}]"
2019-09-03,038-004-066-01,CCC,"[{open_alerts: 2, total_alerts: 2, new_alerts: 2, repeated_alerts: 4, closed_alerts: 4}]"
2019-09-03,038-004-435,CCC,"[{open_alerts: 2, total_alerts: 2, new_alerts: 2, repeated_alerts: 4, closed_alerts: 4}]"
2019-09-03,4FHYW,CCC,"[{open_alerts: 2, total_alerts: 2, new_alerts: 2, repeated_alerts: 4, closed_alerts: 4}]"
2019-09-03,67W2T,CCC,"[{open_alerts: 2, total_alerts: 2, new_alerts: 2, repeated_alerts: 4, closed_alerts: 4}]"
2019-09-03,983D4,CCC,"[{open_alerts: 2, total_alerts: 2, new_alerts: 2, repeated_alerts: 4, closed_alerts: 4}]"
2019-09-03,9D64T,CCC,"[{open_alerts: 2, total_alerts: 2, new_alerts: 2, repeated_alerts: 4, closed_alerts: 4}]"
2019-09-03,KWH83,CCC,"[{open_alerts: 2, total_alerts: 2, new_alerts: 2, repeated_alerts: 4, closed_alerts: 4}]"
2019-09-03,VHXRR,CCC,"[{open_alerts: 2, total_alerts: 2, new_alerts: 2, repeated_alerts: 4, closed_alerts: 4}]"
2019-09-03,VNRG5,CCC,"[{open_alerts: 2, total_alerts: 2, new_alerts: 2, repeated_alerts: 4, closed_alerts: 4}]"
2019-09-03,YKK99,CCC,"[{open_alerts: 2, total_alerts: 2, new_alerts: 2, repeated_alerts: 4, closed_alerts: 4}]"
2019-09-30,038-004-005,CCC,"[{open_alerts: 3, total_alerts: 43, new_alerts: 4, repeated_alerts: 4, closed_alerts: 4}]"
2019-09-30,038-004-333,CCC,"[{open_alerts: 3, total_alerts: 43, new_alerts: 4, repeated_alerts: 4, closed_alerts: 4}]"
2019-09-30,3YNRJ,CCC,"[{open_alerts: 3, total_alerts: 43, new_alerts: 4, repeated_alerts: 4, closed_alerts: 4}]"
2019-09-30,5GMK0,CCC,"[{open_alerts: 3, total_alerts: 43, new_alerts: 4, repeated_alerts: 4, closed_alerts: 4}]"
2019-09-30,6VDX7,CCC,"[{open_alerts: 3, total_alerts: 43, new_alerts: 4, repeated_alerts: 4, closed_alerts: 4}]"
2019-09-30,8GJD6,CCC,"[{open_alerts: 3, total_alerts: 43, new_alerts: 4, repeated_alerts: 4, closed_alerts: 4}]"
2019-09-30,CJG5K,CCC,"[{open_alerts: 3, total_alerts: 43, new_alerts: 4, repeated_alerts: 4, closed_alerts: 4}]"
2019-09-30,JFPP4,CCC,"[{open_alerts: 3, total_alerts: 43, new_alerts: 4, repeated_alerts: 4, closed_alerts: 4}]"
2019-09-30,RMWRN,CCC,"[{open_alerts: 3, total_alerts: 43, new_alerts: 4, repeated_alerts: 4, closed_alerts: 4}]"
2019-09-30,TKNXX,CCC,"[{open_alerts: 3, total_alerts: 43, new_alerts: 4, repeated_alerts: 4, closed_alerts: 4}]"
2019-09-30,XV659,CCC,"[{open_alerts: 3, total_alerts: 43, new_alerts: 4, repeated_alerts: 4, closed_alerts: 4}]"
2019-09-29,038-004-002,APCC,"[{open_alerts: 1, total_alerts: 43, new_alerts: 4, repeated_alerts: 4, closed_alerts: 4}]"
2019-09-29,038-004-004,APCC,"[{open_alerts: 2, total_alerts: 43, new_alerts: 4, repeated_alerts: 4, closed_alerts: 4}]"
2019-09-29,038-004-298,APCC,"[{open_alerts: 1, total_alerts: 43, new_alerts: 4, repeated_alerts: 4, closed_alerts: 4}]"
2019-09-29,038-004-332,APCC,"[{open_alerts: 2, total_alerts: 43, new_alerts: 4, repeated_alerts: 4, closed_alerts: 4}]"
2019-09-29,3PYMT,APCC,"[{open_alerts: 1, total_alerts: 43, new_alerts: 4, repeated_alerts: 4, closed_alerts: 4}]"
2019-09-29,53F03,APCC,"[{open_alerts: 1, total_alerts: 43, new_alerts: 4, repeated_alerts: 4, closed_alerts: 4}]"
2019-09-29,58V30,APCC,"[{open_alerts: 1, total_alerts: 43, new_alerts: 4, repeated_alerts: 4, closed_alerts: 4}]"
2019-09-29,5DM8K,APCC,"[{open_alerts: 2, total_alerts: 43, new_alerts: 4, repeated_alerts: 4, closed_alerts: 4}]"
2019-09-29,6KWTV,APCC,"[{open_alerts: 2, total_alerts: 43, new_alerts: 4, repeated_alerts: 4, closed_alerts: 4}]"
2019-09-29,89RG1,APCC,"[{open_alerts: 1, total_alerts: 43, new_alerts: 4, repeated_alerts: 4, closed_alerts: 4}]"
2019-09-29,8F3Y8,APCC,"[{open_alerts: 2, total_alerts: 43, new_alerts: 4, repeated_alerts: 4, closed_alerts: 4}]"
2019-09-29,CF24D,APCC,"[{open_alerts: 1, total_alerts: 43, new_alerts: 4, repeated_alerts: 4, closed_alerts: 4}]"
2019-09-29,CGFJT,APCC,"[{open_alerts: 2, total_alerts: 43, new_alerts: 4, repeated_alerts: 4, closed_alerts: 4}]"
2019-09-29,JD6CH,APCC,"[{open_alerts: 1, total_alerts: 43, new_alerts: 4, repeated_alerts: 4, closed_alerts: 4}]"
2019-09-29,JDMHM,APCC,"[{open_alerts: 2, total_alerts: 43, new_alerts: 4, repeated_alerts: 4, closed_alerts: 4}]"
2019-09-29,R2VPR,APCC,"[{open_alerts: 1, total_alerts: 43, new_alerts: 4, repeated_alerts: 4, closed_alerts: 4}]"
2019-09-29,RGM6C,APCC,"[{open_alerts: 2, total_alerts: 43, new_alerts: 4, repeated_alerts: 4, closed_alerts: 4}]"
2019-09-29,T0HRM,APCC,"[{open_alerts: 1, total_alerts: 43, new_alerts: 4, repeated_alerts: 4, closed_alerts: 4}]"
2019-09-29,T8FVR,APCC,"[{open_alerts: 2, total_alerts: 43, new_alerts: 4, repeated_alerts: 4, closed_alerts: 4}]"
2019-09-29,WD66N,APCC,"[{open_alerts: 1, total_alerts: 43, new_alerts: 4, repeated_alerts: 4, closed_alerts: 4}]"
2019-09-29,X27HY,APCC,"[{open_alerts: 2, total_alerts: 43, new_alerts: 4, repeated_alerts: 4, closed_alerts: 4}]"
2019-09-17,038-001-136-00,APCC,"[{open_alerts: 2, total_alerts: 1, new_alerts: 1, repeated_alerts: 4, closed_alerts: 4}]"
2019-09-17,038-004-220,APCC,"[{open_alerts: 2, total_alerts: 1, new_alerts: 1, repeated_alerts: 4, closed_alerts: 4}]"
2019-09-17,038-004-613,APCC,"[{open_alerts: 2, total_alerts: 1, new_alerts: 1, repeated_alerts: 4, closed_alerts: 4}]"
2019-09-17,0FFD6,APCC,"[{open_alerts: 2, total_alerts: 1, new_alerts: 1, repeated_alerts: 4, closed_alerts: 4}]"
2019-09-17,2CN1T,APCC,"[{open_alerts: 2, total_alerts: 1, new_alerts: 1, repeated_alerts: 4, closed_alerts: 4}]"
2019-09-17,3TNY4,APCC,"[{open_alerts: 2, total_alerts: 1, new_alerts: 1, repeated_alerts: 4, closed_alerts: 4}]"
2019-09-17,7VK45,APCC,"[{open_alerts: 2, total_alerts: 1, new_alerts: 1, repeated_alerts: 4, closed_alerts: 4}]"
2019-09-17,C4W6J,APCC,"[{open_alerts: 2, total_alerts: 1, new_alerts: 1, repeated_alerts: 4, closed_alerts: 4}]"
2019-09-17,K57GX,APCC,"[{open_alerts: 2, total_alerts: 1, new_alerts: 1, repeated_alerts: 4, closed_alerts: 4}]"
2019-09-17,M18XD,APCC,"[{open_alerts: 2, total_alerts: 1, new_alerts: 1, repeated_alerts: 4, closed_alerts: 4}]"
2019-09-17,R5K5G,APCC,"[{open_alerts: 2, total_alerts: 1, new_alerts: 1, repeated_alerts: 4, closed_alerts: 4}]"
2019-09-25,038-003-729-01,APCC,"[{open_alerts: 2, total_alerts: 43, new_alerts: 4, repeated_alerts: 4, closed_alerts: 4}]"
2019-09-25,038-004-295,APCC,"[{open_alerts: 2, total_alerts: 43, new_alerts: 4, repeated_alerts: 4, closed_alerts: 4}]"
2019-09-25,2K3KM,APCC,"[{open_alerts: 2, total_alerts: 43, new_alerts: 4, repeated_alerts: 4, closed_alerts: 4}]"
2019-09-25,4NYM7,APCC,"[{open_alerts: 2, total_alerts: 43, new_alerts: 4, repeated_alerts: 4, closed_alerts: 4}]"
2019-09-25,4WDXY,APCC,"[{open_alerts: 2, total_alerts: 43, new_alerts: 4, repeated_alerts: 4, closed_alerts: 4}]"
2019-09-25,5M4TC,APCC,"[{open_alerts: 2, total_alerts: 43, new_alerts: 4, repeated_alerts: 4, closed_alerts: 4}]"
2019-09-25,9XG5C,APCC,"[{open_alerts: 2, total_alerts: 43, new_alerts: 4, repeated_alerts: 4, closed_alerts: 4}]"
2019-09-25,FJ9YX,APCC,"[{open_alerts: 2, total_alerts: 43, new_alerts: 4, repeated_alerts: 4, closed_alerts: 4}]"
2019-09-25,P6FH5,APCC,"[{open_alerts: 2, total_alerts: 43, new_alerts: 4, repeated_alerts: 4, closed_alerts: 4}]"
2019-09-25,PK2P2,APCC,"[{open_alerts: 2, total_alerts: 43, new_alerts: 4, repeated_alerts: 4, closed_alerts: 4}]"
2019-09-25,VF6WX,APCC,"[{open_alerts: 2, total_alerts: 43, new_alerts: 4, repeated_alerts: 4, closed_alerts: 4}]"
2019-09-07,003-0049-01,CCC,"[{open_alerts: 3, total_alerts: 43, new_alerts: 4, repeated_alerts: 4, closed_alerts: 4}]"
2019-09-07,038-004-153,CCC,"[{open_alerts: 3, total_alerts: 43, new_alerts: 4, repeated_alerts: 4, closed_alerts: 4}]"
2019-09-07,038-004-508-03,CCC,"[{open_alerts: 3, total_alerts: 43, new_alerts: 4, repeated_alerts: 4, closed_alerts: 4}]"
2019-09-07,09FT2,CCC,"[{open_alerts: 3, total_alerts: 43, new_alerts: 4, repeated_alerts: 4, closed_alerts: 4}]"
2019-09-07,52CKC,CCC,"[{open_alerts: 3, total_alerts: 43, new_alerts: 4, repeated_alerts: 4, closed_alerts: 4}]"
2019-09-07,6PJHG,CCC,"[{open_alerts: 3, total_alerts: 43, new_alerts: 4, repeated_alerts: 4, closed_alerts: 4}]"
2019-09-07,CND02,CCC,"[{open_alerts: 3, total_alerts: 43, new_alerts: 4, repeated_alerts: 4, closed_alerts: 4}]"
2019-09-07,DKY6Y,CCC,"[{open_alerts: 3, total_alerts: 43, new_alerts: 4, repeated_alerts: 4, closed_alerts: 4}]"
2019-09-07,MF3FM,CCC,"[{open_alerts: 3, total_alerts: 43, new_alerts: 4, repeated_alerts: 4, closed_alerts: 4}]"
2019-09-07,X60FT,CCC,"[{open_alerts: 3, total_alerts: 43, new_alerts: 4, repeated_alerts: 4, closed_alerts: 4}]"
2019-09-07,YCM9R,CCC,"[{open_alerts: 3, total_alerts: 43, new_alerts: 4, repeated_alerts: 4, closed_alerts: 4}]"
2019-08-30,038-004-010,EMFP,"[{open_alerts: 3, total_alerts: 43, new_alerts: 4, repeated_alerts: 4, closed_alerts: 4}]"
2019-08-30,038-004-429,EMFP,"[{open_alerts: 3, total_alerts: 43, new_alerts: 4, repeated_alerts: 4, closed_alerts: 4}]"
2019-08-30,451FP,EMFP,"[{open_alerts: 3, total_alerts: 43, new_alerts: 4, repeated_alerts: 4, closed_alerts: 4}]"
2019-08-30,5YJCT,EMFP,"[{open_alerts: 3, total_alerts: 43, new_alerts: 4, repeated_alerts: 4, closed_alerts: 4}]"
2019-08-30,74R9W,EMFP,"[{open_alerts: 3, total_alerts: 43, new_alerts: 4, repeated_alerts: 4, closed_alerts: 4}]"
2019-08-30,8PKF4,EMFP,"[{open_alerts: 3, total_alerts: 43, new_alerts: 4, repeated_alerts: 4, closed_alerts: 4}]"
2019-08-30,CXV28,EMFP,"[{open_alerts: 3, total_alerts: 43, new_alerts: 4, repeated_alerts: 4, closed_alerts: 4}]"
2019-08-30,JK3GD,EMFP,"[{open_alerts: 3, total_alerts: 43, new_alerts: 4, repeated_alerts: 4, closed_alerts: 4}]"
2019-08-30,TD3KX,EMFP,"[{open_alerts: 3, total_alerts: 43, new_alerts: 4, repeated_alerts: 4, closed_alerts: 4}]"
2019-08-30,V3N0X,EMFP,"[{open_alerts: 3, total_alerts: 43, new_alerts: 4, repeated_alerts: 4, closed_alerts: 4}]"
2019-08-30,XVWTX,EMFP,"[{open_alerts: 3, total_alerts: 43, new_alerts: 4, repeated_alerts: 4, closed_alerts: 4}]"
2019-09-14,003-0122-01,APCC,"[{open_alerts: 2, total_alerts: 1, new_alerts: 1, repeated_alerts: 4, closed_alerts: 4}]"
2019-09-14,038-004-217,APCC,"[{open_alerts: 2, total_alerts: 1, new_alerts: 1, repeated_alerts: 4, closed_alerts: 4}]"
2019-09-14,038-004-610,APCC,"[{open_alerts: 2, total_alerts: 1, new_alerts: 1, repeated_alerts: 4, closed_alerts: 4}]"
2019-09-14,079HY,APCC,"[{open_alerts: 2, total_alerts: 1, new_alerts: 1, repeated_alerts: 4, closed_alerts: 4}]"
2019-09-14,1HK94,APCC,"[{open_alerts: 2, total_alerts: 1, new_alerts: 1, repeated_alerts: 4, closed_alerts: 4}]"
2019-09-14,2C9PW,APCC,"[{open_alerts: 2, total_alerts: 1, new_alerts: 1, repeated_alerts: 4, closed_alerts: 4}]"
2019-09-14,6WX7D,APCC,"[{open_alerts: 2, total_alerts: 1, new_alerts: 1, repeated_alerts: 4, closed_alerts: 4}]"
2019-09-14,99Y87,APCC,"[{open_alerts: 2, total_alerts: 1, new_alerts: 1, repeated_alerts: 4, closed_alerts: 4}]"
2019-09-14,J1NXP,APCC,"[{open_alerts: 2, total_alerts: 1, new_alerts: 1, repeated_alerts: 4, closed_alerts: 4}]"
2019-09-14,J69DF,APCC,"[{open_alerts: 2, total_alerts: 1, new_alerts: 1, repeated_alerts: 4, closed_alerts: 4}]"
2019-09-14,P98F6,APCC,"[{open_alerts: 2, total_alerts: 1, new_alerts: 1, repeated_alerts: 4, closed_alerts: 4}]"
2019-09-09,003-0050-01,EMFP,"[{open_alerts: 1, total_alerts: 43, new_alerts: 4, repeated_alerts: 4, closed_alerts: 4}]"
2019-09-09,003-0052-01,APCC,"[{open_alerts: 1, total_alerts: 43, new_alerts: 4, repeated_alerts: 4, closed_alerts: 4}]"
2019-09-09,038-004-154,EMFP,"[{open_alerts: 1, total_alerts: 43, new_alerts: 4, repeated_alerts: 4, closed_alerts: 4}]"
2019-09-09,038-004-155,APCC,"[{open_alerts: 1, total_alerts: 43, new_alerts: 4, repeated_alerts: 4, closed_alerts: 4}]"
2019-09-09,038-004-570-00,EMFP,"[{open_alerts: 1, total_alerts: 43, new_alerts: 4, repeated_alerts: 4, closed_alerts: 4}]"
2019-09-09,038-004-578,APCC,"[{open_alerts: 1, total_alerts: 43, new_alerts: 4, repeated_alerts: 4, closed_alerts: 4}]"
2019-09-09,06V6M,APCC,"[{open_alerts: 1, total_alerts: 43, new_alerts: 4, repeated_alerts: 4, closed_alerts: 4}]"
2019-09-09,0X290,EMFP,"[{open_alerts: 1, total_alerts: 43, new_alerts: 4, repeated_alerts: 4, closed_alerts: 4}]"
2019-09-09,1W50H,APCC,"[{open_alerts: 1, total_alerts: 43, new_alerts: 4, repeated_alerts: 4, closed_alerts: 4}]"
2019-09-09,565YR,EMFP,"[{open_alerts: 1, total_alerts: 43, new_alerts: 4, repeated_alerts: 4, closed_alerts: 4}]"
2019-09-09,5WNDJ,APCC,"[{open_alerts: 1, total_alerts: 43, new_alerts: 4, repeated_alerts: 4, closed_alerts: 4}]"
2019-09-09,78RG7,EMFP,"[{open_alerts: 1, total_alerts: 43, new_alerts: 4, repeated_alerts: 4, closed_alerts: 4}]"
2019-09-09,7CGHC,APCC,"[{open_alerts: 1, total_alerts: 43, new_alerts: 4, repeated_alerts: 4, closed_alerts: 4}]"
2019-09-09,CRXJ6,EMFP,"[{open_alerts: 1, total_alerts: 43, new_alerts: 4, repeated_alerts: 4, closed_alerts: 4}]"
2019-09-09,DG29K,APCC,"[{open_alerts: 1, total_alerts: 43, new_alerts: 4, repeated_alerts: 4, closed_alerts: 4}]"
2019-09-09,G13K7,EMFP,"[{open_alerts: 1, total_alerts: 43, new_alerts: 4, repeated_alerts: 4, closed_alerts: 4}]"
2019-09-09,GPFNK,APCC,"[{open_alerts: 1, total_alerts: 43, new_alerts: 4, repeated_alerts: 4, closed_alerts: 4}]"
2019-09-09,MH3X9,EMFP,"[{open_alerts: 1, total_alerts: 43, new_alerts: 4, repeated_alerts: 4, closed_alerts: 4}]"
2019-09-09,N5NJC,APCC,"[{open_alerts: 1, total_alerts: 43, new_alerts: 4, repeated_alerts: 4, closed_alerts: 4}]"
2019-09-09,Y7N41,EMFP,"[{open_alerts: 1, total_alerts: 43, new_alerts: 4, repeated_alerts: 4, closed_alerts: 4}]"
2019-09-09,YWVXK,EMFP,"[{open_alerts: 1, total_alerts: 43, new_alerts: 4, repeated_alerts: 4, closed_alerts: 4}]"
2019-09-09,YXC0V,APCC,"[{open_alerts: 1, total_alerts: 43, new_alerts: 4, repeated_alerts: 4, closed_alerts: 4}]"
2019-09-20,038-002-083-02,EMFP,"[{open_alerts: 2, total_alerts: 2, new_alerts: 2, repeated_alerts: 4, closed_alerts: 4}]"
2019-09-20,038-004-223,EMFP,"[{open_alerts: 2, total_alerts: 2, new_alerts: 2, repeated_alerts: 4, closed_alerts: 4}]"
2019-09-20,061WY,EMFP,"[{open_alerts: 2, total_alerts: 2, new_alerts: 2, repeated_alerts: 4, closed_alerts: 4}]"
2019-09-20,1TG7T,EMFP,"[{open_alerts: 2, total_alerts: 2, new_alerts: 2, repeated_alerts: 4, closed_alerts: 4}]"
2019-09-20,329HG,EMFP,"[{open_alerts: 2, total_alerts: 2, new_alerts: 2, repeated_alerts: 4, closed_alerts: 4}]"
2019-09-20,4MPRF,EMFP,"[{open_alerts: 2, total_alerts: 2, new_alerts: 2, repeated_alerts: 4, closed_alerts: 4}]"
2019-09-20,82V4C,EMFP,"[{open_alerts: 2, total_alerts: 2, new_alerts: 2, repeated_alerts: 4, closed_alerts: 4}]"
2019-09-20,D0P2R,EMFP,"[{open_alerts: 2, total_alerts: 2, new_alerts: 2, repeated_alerts: 4, closed_alerts: 4}]"
2019-09-20,MNRG4,EMFP,"[{open_alerts: 2, total_alerts: 2, new_alerts: 2, repeated_alerts: 4, closed_alerts: 4}]"
2019-09-20,N2M64,EMFP,"[{open_alerts: 2, total_alerts: 2, new_alerts: 2, repeated_alerts: 4, closed_alerts: 4}]"
2019-09-20,T5KR2,EMFP,"[{open_alerts: 2, total_alerts: 2, new_alerts: 2, repeated_alerts: 4, closed_alerts: 4}]"
2019-09-12,003-0095-01,EMFP,"[{open_alerts: 3, total_alerts: 43, new_alerts: 4, repeated_alerts: 4, closed_alerts: 4}]"
2019-09-12,038-004-214,EMFP,"[{open_alerts: 3, total_alerts: 43, new_alerts: 4, repeated_alerts: 4, closed_alerts: 4}]"
2019-09-12,038-004-581,EMFP,"[{open_alerts: 3, total_alerts: 43, new_alerts: 4, repeated_alerts: 4, closed_alerts: 4}]"
2019-09-12,12DHD,EMFP,"[{open_alerts: 3, total_alerts: 43, new_alerts: 4, repeated_alerts: 4, closed_alerts: 4}]"
2019-09-12,1MKM4,EMFP,"[{open_alerts: 3, total_alerts: 43, new_alerts: 4, repeated_alerts: 4, closed_alerts: 4}]"
2019-09-12,68C30,EMFP,"[{open_alerts: 3, total_alerts: 43, new_alerts: 4, repeated_alerts: 4, closed_alerts: 4}]"
2019-09-12,91XH3,EMFP,"[{open_alerts: 3, total_alerts: 43, new_alerts: 4, repeated_alerts: 4, closed_alerts: 4}]"
2019-09-12,GTWW1,EMFP,"[{open_alerts: 3, total_alerts: 43, new_alerts: 4, repeated_alerts: 4, closed_alerts: 4}]"
2019-09-12,HHKJD,EMFP,"[{open_alerts: 3, total_alerts: 43, new_alerts: 4, repeated_alerts: 4, closed_alerts: 4}]"
2019-09-12,J2TR0,EMFP,"[{open_alerts: 3, total_alerts: 43, new_alerts: 4, repeated_alerts: 4, closed_alerts: 4}]"
2019-09-12,NYF0Y,EMFP,"[{open_alerts: 3, total_alerts: 43, new_alerts: 4, repeated_alerts: 4, closed_alerts: 4}]"
2019-09-27,038-003-941,EMFP,"[{open_alerts: 1, total_alerts: 43, new_alerts: 4, repeated_alerts: 4, closed_alerts: 4}]"
2019-09-27,038-004-297,EMFP,"[{open_alerts: 1, total_alerts: 43, new_alerts: 4, repeated_alerts: 4, closed_alerts: 4}]"
2019-09-27,34XXV,EMFP,"[{open_alerts: 1, total_alerts: 43, new_alerts: 4, repeated_alerts: 4, closed_alerts: 4}]"
2019-09-27,52X0P,EMFP,"[{open_alerts: 1, total_alerts: 43, new_alerts: 4, repeated_alerts: 4, closed_alerts: 4}]"
2019-09-27,57X7G,EMFP,"[{open_alerts: 1, total_alerts: 43, new_alerts: 4, repeated_alerts: 4, closed_alerts: 4}]"
2019-09-27,7CDRN,EMFP,"[{open_alerts: 1, total_alerts: 43, new_alerts: 4, repeated_alerts: 4, closed_alerts: 4}]"
2019-09-27,C5YYV,EMFP,"[{open_alerts: 1, total_alerts: 43, new_alerts: 4, repeated_alerts: 4, closed_alerts: 4}]"
2019-09-27,HFMNT,EMFP,"[{open_alerts: 1, total_alerts: 43, new_alerts: 4, repeated_alerts: 4, closed_alerts: 4}]"
2019-09-27,PD4K8,EMFP,"[{open_alerts: 1, total_alerts: 43, new_alerts: 4, repeated_alerts: 4, closed_alerts: 4}]"
2019-09-27,RU297,EMFP,"[{open_alerts: 1, total_alerts: 43, new_alerts: 4, repeated_alerts: 4, closed_alerts: 4}]"
2019-09-27,VJ9H3,EMFP,"[{open_alerts: 1, total_alerts: 43, new_alerts: 4, repeated_alerts: 4, closed_alerts: 4}]"
2019-09-21,038-002-139-02,APCC,"[{open_alerts: 1, total_alerts: 1, new_alerts: 1, repeated_alerts: 4, closed_alerts: 4}]"
2019-09-21,038-004-224,APCC,"[{open_alerts: 1, total_alerts: 1, new_alerts: 1, repeated_alerts: 4, closed_alerts: 4}]"
2019-09-21,09WKP,APCC,"[{open_alerts: 1, total_alerts: 1, new_alerts: 1, repeated_alerts: 4, closed_alerts: 4}]"
2019-09-21,22M8Y,APCC,"[{open_alerts: 1, total_alerts: 1, new_alerts: 1, repeated_alerts: 4, closed_alerts: 4}]"
2019-09-21,3DM57,APCC,"[{open_alerts: 1, total_alerts: 1, new_alerts: 1, repeated_alerts: 4, closed_alerts: 4}]"
2019-09-21,4W00N,APCC,"[{open_alerts: 1, total_alerts: 1, new_alerts: 1, repeated_alerts: 4, closed_alerts: 4}]"
2019-09-21,8HKG7,APCC,"[{open_alerts: 1, total_alerts: 1, new_alerts: 1, repeated_alerts: 4, closed_alerts: 4}]"
2019-09-21,D4CC6,APCC,"[{open_alerts: 1, total_alerts: 1, new_alerts: 1, repeated_alerts: 4, closed_alerts: 4}]"
2019-09-21,MY0Y2,APCC,"[{open_alerts: 1, total_alerts: 1, new_alerts: 1, repeated_alerts: 4, closed_alerts: 4}]"
2019-09-21,NNRD4,APCC,"[{open_alerts: 1, total_alerts: 1, new_alerts: 1, repeated_alerts: 4, closed_alerts: 4}]"
2019-09-21,TMMJJ,APCC,"[{open_alerts: 1, total_alerts: 1, new_alerts: 1, repeated_alerts: 4, closed_alerts: 4}]"
2019-09-01,003-0010-02,EMFP,"[{open_alerts: 2, total_alerts: 2, new_alerts: 2, repeated_alerts: 4, closed_alerts: 4}]"
2019-09-01,038-004-022,EMFP,"[{open_alerts: 2, total_alerts: 2, new_alerts: 2, repeated_alerts: 4, closed_alerts: 4}]"
2019-09-01,038-004-431,EMFP,"[{open_alerts: 2, total_alerts: 2, new_alerts: 2, repeated_alerts: 4, closed_alerts: 4}]"
2019-09-01,48Y6D,EMFP,"[{open_alerts: 2, total_alerts: 2, new_alerts: 2, repeated_alerts: 4, closed_alerts: 4}]"
2019-09-01,604N5,EMFP,"[{open_alerts: 2, total_alerts: 2, new_alerts: 2, repeated_alerts: 4, closed_alerts: 4}]"
2019-09-01,81H4J,EMFP,"[{open_alerts: 2, total_alerts: 2, new_alerts: 2, repeated_alerts: 4, closed_alerts: 4}]"
2019-09-01,8XG1T,EMFP,"[{open_alerts: 2, total_alerts: 2, new_alerts: 2, repeated_alerts: 4, closed_alerts: 4}]"
2019-09-01,JX1PM,EMFP,"[{open_alerts: 2, total_alerts: 2, new_alerts: 2, repeated_alerts: 4, closed_alerts: 4}]"
2019-09-01,TP9W1,EMFP,"[{open_alerts: 2, total_alerts: 2, new_alerts: 2, repeated_alerts: 4, closed_alerts: 4}]"
2019-09-01,V91GK,EMFP,"[{open_alerts: 2, total_alerts: 2, new_alerts: 2, repeated_alerts: 4, closed_alerts: 4}]"
2019-09-01,Y3XT2,EMFP,"[{open_alerts: 2, total_alerts: 2, new_alerts: 2, repeated_alerts: 4, closed_alerts: 4}]"
2019-08-29,3W8F7,APCC,"[{open_alerts: 2, total_alerts: 43, new_alerts: 4, repeated_alerts: 4, closed_alerts: 4}]"