report_date,part_num,root_cause,red_alerts
2019-09-23,05WC4,PNS - Material Available in HUB,"[{open_alerts: 3, total_alerts: 2, new_alerts: 2, repeated_alerts: 5, closed_alerts: 8}]"
2019-09-23,0PTF2,PNS - Material Available in HUB,"[{open_alerts: 3, total_alerts: 2, new_alerts: 2, repeated_alerts: 5, closed_alerts: 8}]"
2019-09-23,1GN56,PNS - Material Available in HUB,"[{open_alerts: 3, total_alerts: 2, new_alerts: 2, repeated_alerts: 5, closed_alerts: 8}]"
2019-09-23,22D5R,PNS - Material Available in HUB,"[{open_alerts: 3, total_alerts: 2, new_alerts: 2, repeated_alerts: 5, closed_alerts: 8}]"
2019-09-23,2WT10,PNS - Material Available in HUB,"[{open_alerts: 3, total_alerts: 2, new_alerts: 2, repeated_alerts: 5, closed_alerts: 8}]"
2019-09-23,3P01D,PNS - Material Available in HUB,"[{open_alerts: 3, total_alerts: 2, new_alerts: 2, repeated_alerts: 5, closed_alerts: 8}]"
2019-09-23,4CTJP,PNS - Material Available in HUB,"[{open_alerts: 3, total_alerts: 2, new_alerts: 2, repeated_alerts: 5, closed_alerts: 8}]"
2019-09-23,55NPX,PNS - Material Available in HUB,"[{open_alerts: 3, total_alerts: 2, new_alerts: 2, repeated_alerts: 5, closed_alerts: 8}]"
2019-09-23,5T7VC,PNS - Material Available in HUB,"[{open_alerts: 3, total_alerts: 2, new_alerts: 2, repeated_alerts: 5, closed_alerts: 8}]"
2019-09-23,6FH27,PNS - Material Available in HUB,"[{open_alerts: 3, total_alerts: 2, new_alerts: 2, repeated_alerts: 5, closed_alerts: 8}]"
2019-09-23,73F4M,PNS - Material Available in HUB,"[{open_alerts: 3, total_alerts: 2, new_alerts: 2, repeated_alerts: 5, closed_alerts: 8}]"
2019-09-23,82YG3,PNS - Material Available in HUB,"[{open_alerts: 3, total_alerts: 2, new_alerts: 2, repeated_alerts: 5, closed_alerts: 8}]"
2019-09-23,8VWVW,PNS - Material Available in HUB,"[{open_alerts: 3, total_alerts: 2, new_alerts: 2, repeated_alerts: 5, closed_alerts: 8}]"
2019-09-23,F5WCC,PNS - Material Available in HUB,"[{open_alerts: 3, total_alerts: 2, new_alerts: 2, repeated_alerts: 5, closed_alerts: 8}]"
2019-09-22,05TW2,PNS - Material Available in HUB,"[{open_alerts: 1, total_alerts: 2, new_alerts: 2, repeated_alerts: 5, closed_alerts: 8}]"
2019-09-22,0PM7K,PNS - Material Available in HUB,"[{open_alerts: 1, total_alerts: 2, new_alerts: 2, repeated_alerts: 5, closed_alerts: 8}]"
2019-09-22,1G4VN,PNS - Material Available in HUB,"[{open_alerts: 1, total_alerts: 2, new_alerts: 2, repeated_alerts: 5, closed_alerts: 8}]"
2019-09-22,221RD,PNS - Material Available in HUB,"[{open_alerts: 1, total_alerts: 2, new_alerts: 2, repeated_alerts: 5, closed_alerts: 8}]"
2019-09-22,2WKHT,PNS - Material Available in HUB,"[{open_alerts: 1, total_alerts: 2, new_alerts: 2, repeated_alerts: 5, closed_alerts: 8}]"
2019-09-22,3NF5F,PNS - Material Available in HUB,"[{open_alerts: 1, total_alerts: 2, new_alerts: 2, repeated_alerts: 5, closed_alerts: 8}]"
2019-09-22,4C7X9,PNS - Material Available in HUB,"[{open_alerts: 1, total_alerts: 2, new_alerts: 2, repeated_alerts: 5, closed_alerts: 8}]"
2019-09-22,52R2G,PNS - Material Available in HUB,"[{open_alerts: 1, total_alerts: 2, new_alerts: 2, repeated_alerts: 5, closed_alerts: 8}]"
2019-09-22,5T11R,PNS - Material Available in HUB,"[{open_alerts: 1, total_alerts: 2, new_alerts: 2, repeated_alerts: 5, closed_alerts: 8}]"
2019-09-22,6D0P1,PNS - Material Available in HUB,"[{open_alerts: 1, total_alerts: 2, new_alerts: 2, repeated_alerts: 5, closed_alerts: 8}]"
2019-09-22,730C3,PNS - Material Available in HUB,"[{open_alerts: 1, total_alerts: 2, new_alerts: 2, repeated_alerts: 5, closed_alerts: 8}]"
2019-09-22,82T94,PNS - Material Available in HUB,"[{open_alerts: 1, total_alerts: 2, new_alerts: 2, repeated_alerts: 5, closed_alerts: 8}]"
2019-09-22,8VW84,PNS - Material Available in HUB,"[{open_alerts: 1, total_alerts: 2, new_alerts: 2, repeated_alerts: 5, closed_alerts: 8}]"
2019-09-22,DKF9J,PNS - Material Available in HUB,"[{open_alerts: 1, total_alerts: 2, new_alerts: 2, repeated_alerts: 5, closed_alerts: 8}]"
2019-09-04,0F8HR,LOT - Non Compliant LO,"[{open_alerts: 1, total_alerts: 1, new_alerts: 1, repeated_alerts: 5, closed_alerts: 8}]"
2019-09-04,0N1NK,LOT - Non Compliant LO,"[{open_alerts: 1, total_alerts: 1, new_alerts: 1, repeated_alerts: 5, closed_alerts: 8}]"
2019-09-04,11GF2,LOT - Non Compliant LO,"[{open_alerts: 1, total_alerts: 1, new_alerts: 1, repeated_alerts: 5, closed_alerts: 8}]"
2019-09-04,1R4YX,LOT - Non Compliant LO,"[{open_alerts: 1, total_alerts: 1, new_alerts: 1, repeated_alerts: 5, closed_alerts: 8}]"
2019-09-04,2C6J8,LOT - Non Compliant LO,"[{open_alerts: 1, total_alerts: 1, new_alerts: 1, repeated_alerts: 5, closed_alerts: 8}]"
2019-09-04,385Y9,LOT - Non Compliant LO,"[{open_alerts: 1, total_alerts: 1, new_alerts: 1, repeated_alerts: 5, closed_alerts: 8}]"
2019-09-04,3XCNC,LOT - Non Compliant LO,"[{open_alerts: 1, total_alerts: 1, new_alerts: 1, repeated_alerts: 5, closed_alerts: 8}]"
2019-09-04,4R9KD,LOT - Non Compliant LO,"[{open_alerts: 1, total_alerts: 1, new_alerts: 1, repeated_alerts: 5, closed_alerts: 8}]"
2019-09-04,5DNNC,LOT - Non Compliant LO,"[{open_alerts: 1, total_alerts: 1, new_alerts: 1, repeated_alerts: 5, closed_alerts: 8}]"
2019-09-04,60KGT,LOT - Non Compliant LO,"[{open_alerts: 1, total_alerts: 1, new_alerts: 1, repeated_alerts: 5, closed_alerts: 8}]"
2019-09-04,6KW2K,LOT - Non Compliant LO,"[{open_alerts: 1, total_alerts: 1, new_alerts: 1, repeated_alerts: 5, closed_alerts: 8}]"
2019-09-04,7J1FV,LOT - Non Compliant LO,"[{open_alerts: 1, total_alerts: 1, new_alerts: 1, repeated_alerts: 5, closed_alerts: 8}]"
2019-09-04,89RCP,LOT - Non Compliant LO,"[{open_alerts: 1, total_alerts: 1, new_alerts: 1, repeated_alerts: 5, closed_alerts: 8}]"
2019-09-04,PH4P7,LOT - Non Compliant LO,"[{open_alerts: 1, total_alerts: 1, new_alerts: 1, repeated_alerts: 5, closed_alerts: 8}]"
2019-09-13,0KFH8,PNS - Material Available in HUB,"[{open_alerts: 1, total_alerts: 1, new_alerts: 1, repeated_alerts: 5, closed_alerts: 8}]"
2019-09-13,18YRW,PNS - Material Available in HUB,"[{open_alerts: 1, total_alerts: 1, new_alerts: 1, repeated_alerts: 5, closed_alerts: 8}]"
2019-09-13,1WY6P,PNS - Material Available in HUB,"[{open_alerts: 1, total_alerts: 1, new_alerts: 1, repeated_alerts: 5, closed_alerts: 8}]"
2019-09-13,2K1HG,PNS - Material Available in HUB,"[{open_alerts: 1, total_alerts: 1, new_alerts: 1, repeated_alerts: 5, closed_alerts: 8}]"
2019-09-13,3GX8Y,PNS - Material Available in HUB,"[{open_alerts: 1, total_alerts: 1, new_alerts: 1, repeated_alerts: 5, closed_alerts: 8}]"
2019-09-13,45HRD,PNS - Material Available in HUB,"[{open_alerts: 1, total_alerts: 1, new_alerts: 1, repeated_alerts: 5, closed_alerts: 8}]"
2019-09-13,4XTHJ,PNS - Material Available in HUB,"[{open_alerts: 1, total_alerts: 1, new_alerts: 1, repeated_alerts: 5, closed_alerts: 8}]"
2019-09-13,5K4WH,PNS - Material Available in HUB,"[{open_alerts: 1, total_alerts: 1, new_alerts: 1, repeated_alerts: 5, closed_alerts: 8}]"
2019-09-13,67Y2G,PNS - Material Available in HUB,"[{open_alerts: 1, total_alerts: 1, new_alerts: 1, repeated_alerts: 5, closed_alerts: 8}]"
2019-09-13,69YTN,PNS - Material Available in HUB,"[{open_alerts: 1, total_alerts: 1, new_alerts: 1, repeated_alerts: 5, closed_alerts: 8}]"
2019-09-13,6T2GR,PNS - Material Available in HUB,"[{open_alerts: 1, total_alerts: 1, new_alerts: 1, repeated_alerts: 5, closed_alerts: 8}]"
2019-09-13,7WHN7,PNS - Material Available in HUB,"[{open_alerts: 1, total_alerts: 1, new_alerts: 1, repeated_alerts: 5, closed_alerts: 8}]"
2019-09-13,8MK37,PNS - Material Available in HUB,"[{open_alerts: 1, total_alerts: 1, new_alerts: 1, repeated_alerts: 5, closed_alerts: 8}]"
2019-09-13,XKD1X,PNS - Material Available in HUB,"[{open_alerts: 1, total_alerts: 1, new_alerts: 1, repeated_alerts: 5, closed_alerts: 8}]"
2019-09-10,0H2FG,NPI - Transition Management,"[{open_alerts: 1, total_alerts: 1, new_alerts: 1, repeated_alerts: 5, closed_alerts: 8}]"
2019-09-10,164JT,NPI - Transition Management,"[{open_alerts: 1, total_alerts: 1, new_alerts: 1, repeated_alerts: 5, closed_alerts: 8}]"
2019-09-10,1VY5C,NPI - Transition Management,"[{open_alerts: 1, total_alerts: 1, new_alerts: 1, repeated_alerts: 5, closed_alerts: 8}]"
2019-09-10,2H23C,NPI - Transition Management,"[{open_alerts: 1, total_alerts: 1, new_alerts: 1, repeated_alerts: 5, closed_alerts: 8}]"
2019-09-10,3DTMX,NPI - Transition Management,"[{open_alerts: 1, total_alerts: 1, new_alerts: 1, repeated_alerts: 5, closed_alerts: 8}]"
2019-09-10,436RK,NPI - Transition Management,"[{open_alerts: 1, total_alerts: 1, new_alerts: 1, repeated_alerts: 5, closed_alerts: 8}]"
2019-09-10,4X3D3,NPI - Transition Management,"[{open_alerts: 1, total_alerts: 1, new_alerts: 1, repeated_alerts: 5, closed_alerts: 8}]"
2019-09-10,58P67,NPI - Transition Management,"[{open_alerts: 1, total_alerts: 1, new_alerts: 1, repeated_alerts: 5, closed_alerts: 8}]"
2019-09-10,5HDWJ,NPI - Transition Management,"[{open_alerts: 1, total_alerts: 1, new_alerts: 1, repeated_alerts: 5, closed_alerts: 8}]"
2019-09-10,675JY,NPI - Transition Management,"[{open_alerts: 1, total_alerts: 1, new_alerts: 1, repeated_alerts: 5, closed_alerts: 8}]"
2019-09-10,6PW5N,NPI - Transition Management,"[{open_alerts: 1, total_alerts: 1, new_alerts: 1, repeated_alerts: 5, closed_alerts: 8}]"
2019-09-10,7V8Y3,NPI - Transition Management,"[{open_alerts: 1, total_alerts: 1, new_alerts: 1, repeated_alerts: 5, closed_alerts: 8}]"
2019-09-10,8HFMF,NPI - Transition Management,"[{open_alerts: 1, total_alerts: 1, new_alerts: 1, repeated_alerts: 5, closed_alerts: 8}]"
2019-09-10,TNJK8,NPI - Transition Management,"[{open_alerts: 1, total_alerts: 1, new_alerts: 1, repeated_alerts: 5, closed_alerts: 8}]"
2019-09-15,00V8C,NPI - Transition Management,"[{open_alerts: 1, total_alerts: 2, new_alerts: 2, repeated_alerts: 5, closed_alerts: 8}]"
2019-09-15,0M5N5,NPI - Transition Management,"[{open_alerts: 1, total_alerts: 2, new_alerts: 2, repeated_alerts: 5, closed_alerts: 8}]"
2019-09-15,19YP4,NPI - Transition Management,"[{open_alerts: 1, total_alerts: 2, new_alerts: 2, repeated_alerts: 5, closed_alerts: 8}]"
2019-09-15,1X7MY,NPI - Transition Management,"[{open_alerts: 1, total_alerts: 2, new_alerts: 2, repeated_alerts: 5, closed_alerts: 8}]"
2019-09-15,2MPJ8,NPI - Transition Management,"[{open_alerts: 1, total_alerts: 2, new_alerts: 2, repeated_alerts: 5, closed_alerts: 8}]"
2019-09-15,3J528,NPI - Transition Management,"[{open_alerts: 1, total_alerts: 2, new_alerts: 2, repeated_alerts: 5, closed_alerts: 8}]"
2019-09-15,469XK,NPI - Transition Management,"[{open_alerts: 1, total_alerts: 2, new_alerts: 2, repeated_alerts: 5, closed_alerts: 8}]"
2019-09-15,4YRRD,NPI - Transition Management,"[{open_alerts: 1, total_alerts: 2, new_alerts: 2, repeated_alerts: 5, closed_alerts: 8}]"
2019-09-15,5KVJP,NPI - Transition Management,"[{open_alerts: 1, total_alerts: 2, new_alerts: 2, repeated_alerts: 5, closed_alerts: 8}]"
2019-09-15,690G1,NPI - Transition Management,"[{open_alerts: 1, total_alerts: 2, new_alerts: 2, repeated_alerts: 5, closed_alerts: 8}]"
2019-09-15,6T7P6,NPI - Transition Management,"[{open_alerts: 1, total_alerts: 2, new_alerts: 2, repeated_alerts: 5, closed_alerts: 8}]"
2019-09-15,7HFJR,NPI - Transition Management,"[{open_alerts: 1, total_alerts: 2, new_alerts: 2, repeated_alerts: 5, closed_alerts: 8}]"
2019-09-15,7X38D,NPI - Transition Management,"[{open_alerts: 1, total_alerts: 2, new_alerts: 2, repeated_alerts: 5, closed_alerts: 8}]"
2019-09-15,8NMTW,NPI - Transition Management,"[{open_alerts: 1, total_alerts: 2, new_alerts: 2, repeated_alerts: 5, closed_alerts: 8}]"
2019-09-18,85GDX,BTB - Buy to Backlog,"[{open_alerts: 1, total_alerts: 2, new_alerts: 2, repeated_alerts: 5, closed_alerts: 8}]"
2019-09-17,01WRX,NPI - Transition Management,"[{open_alerts: 1, total_alerts: 2, new_alerts: 2, repeated_alerts: 5, closed_alerts: 8}]"
2019-09-17,0N55N,NPI - Transition Management,"[{open_alerts: 1, total_alerts: 2, new_alerts: 2, repeated_alerts: 5, closed_alerts: 8}]"
2019-09-17,1D28N,NPI - Transition Management,"[{open_alerts: 1, total_alerts: 2, new_alerts: 2, repeated_alerts: 5, closed_alerts: 8}]"
2019-09-17,1XX88,NPI - Transition Management,"[{open_alerts: 1, total_alerts: 2, new_alerts: 2, repeated_alerts: 5, closed_alerts: 8}]"
2019-09-17,2R8H9,NPI - Transition Management,"[{open_alerts: 1, total_alerts: 2, new_alerts: 2, repeated_alerts: 5, closed_alerts: 8}]"
2019-09-17,3JH0R,NPI - Transition Management,"[{open_alerts: 1, total_alerts: 2, new_alerts: 2, repeated_alerts: 5, closed_alerts: 8}]"
2019-09-17,47XHX,NPI - Transition Management,"[{open_alerts: 1, total_alerts: 2, new_alerts: 2, repeated_alerts: 5, closed_alerts: 8}]"
2019-09-17,507JG,NPI - Transition Management,"[{open_alerts: 1, total_alerts: 2, new_alerts: 2, repeated_alerts: 5, closed_alerts: 8}]"
2019-09-17,5MHV7,NPI - Transition Management,"[{open_alerts: 1, total_alerts: 2, new_alerts: 2, repeated_alerts: 5, closed_alerts: 8}]"
2019-09-17,69DN8,NPI - Transition Management,"[{open_alerts: 1, total_alerts: 2, new_alerts: 2, repeated_alerts: 5, closed_alerts: 8}]"
2019-09-17,6WYM4,NPI - Transition Management,"[{open_alerts: 1, total_alerts: 2, new_alerts: 2, repeated_alerts: 5, closed_alerts: 8}]"
2019-09-17,7XGRK,NPI - Transition Management,"[{open_alerts: 1, total_alerts: 2, new_alerts: 2, repeated_alerts: 5, closed_alerts: 8}]"
2019-09-17,842VC,NPI - Transition Management,"[{open_alerts: 1, total_alerts: 2, new_alerts: 2, repeated_alerts: 5, closed_alerts: 8}]"
2019-09-17,8PJ5Y,NPI - Transition Management,"[{open_alerts: 1, total_alerts: 2, new_alerts: 2, repeated_alerts: 5, closed_alerts: 8}]"
2019-09-12,0HP0K,FCA - DSS/DCS,"[{open_alerts: 1, total_alerts: 1, new_alerts: 1, repeated_alerts: 5, closed_alerts: 8}]"
2019-09-12,18FR1,FCA - DSS/DCS,"[{open_alerts: 1, total_alerts: 1, new_alerts: 1, repeated_alerts: 5, closed_alerts: 8}]"
2019-09-12,1WTT4,FCA - DSS/DCS,"[{open_alerts: 1, total_alerts: 1, new_alerts: 1, repeated_alerts: 5, closed_alerts: 8}]"
2019-09-12,2JXP9,FCA - DSS/DCS,"[{open_alerts: 1, total_alerts: 1, new_alerts: 1, repeated_alerts: 5, closed_alerts: 8}]"
2019-09-12,3GFMM,FCA - DSS/DCS,"[{open_alerts: 1, total_alerts: 1, new_alerts: 1, repeated_alerts: 5, closed_alerts: 8}]"
2019-09-12,44F19,FCA - DSS/DCS,"[{open_alerts: 1, total_alerts: 1, new_alerts: 1, repeated_alerts: 5, closed_alerts: 8}]"
2019-09-12,4XF77,FCA - DSS/DCS,"[{open_alerts: 1, total_alerts: 1, new_alerts: 1, repeated_alerts: 5, closed_alerts: 8}]"
2019-09-12,5JWWX,FCA - DSS/DCS,"[{open_alerts: 1, total_alerts: 1, new_alerts: 1, repeated_alerts: 5, closed_alerts: 8}]"
2019-09-12,63YDV,FCA - DSS/DCS,"[{open_alerts: 1, total_alerts: 1, new_alerts: 1, repeated_alerts: 5, closed_alerts: 8}]"
2019-09-12,67T84,FCA - DSS/DCS,"[{open_alerts: 1, total_alerts: 1, new_alerts: 1, repeated_alerts: 5, closed_alerts: 8}]"
2019-09-12,6T0N1,FCA - DSS/DCS,"[{open_alerts: 1, total_alerts: 1, new_alerts: 1, repeated_alerts: 5, closed_alerts: 8}]"
2019-09-12,7VP04,FCA - DSS/DCS,"[{open_alerts: 1, total_alerts: 1, new_alerts: 1, repeated_alerts: 5, closed_alerts: 8}]"
2019-09-12,8MF5J,FCA - DSS/DCS,"[{open_alerts: 1, total_alerts: 1, new_alerts: 1, repeated_alerts: 5, closed_alerts: 8}]"
2019-09-12,XG9R7,FCA - DSS/DCS,"[{open_alerts: 1, total_alerts: 1, new_alerts: 1, repeated_alerts: 5, closed_alerts: 8}]"
2019-09-27,08TG1,SUP - Sub Tier  -  Material Constraint,"[{open_alerts: 1, total_alerts: 2, new_alerts: 2, repeated_alerts: 5, closed_alerts: 8}]"
2019-09-27,0TWMH,SUP - Sub Tier  -  Material Constraint,"[{open_alerts: 1, total_alerts: 2, new_alerts: 2, repeated_alerts: 5, closed_alerts: 8}]"
2019-09-27,1KHD8,SUP - Sub Tier  -  Material Constraint,"[{open_alerts: 1, total_alerts: 2, new_alerts: 2, repeated_alerts: 5, closed_alerts: 8}]"
2019-09-27,241J2,SUP - Sub Tier  -  Material Constraint,"[{open_alerts: 1, total_alerts: 2, new_alerts: 2, repeated_alerts: 5, closed_alerts: 8}]"
2019-09-27,306T0,SUP - Sub Tier  -  Material Constraint,"[{open_alerts: 1, total_alerts: 2, new_alerts: 2, repeated_alerts: 5, closed_alerts: 8}]"
2019-09-27,3TTFG,SUP - Sub Tier  -  Material Constraint,"[{open_alerts: 1, total_alerts: 2, new_alerts: 2, repeated_alerts: 5, closed_alerts: 8}]"
2019-09-27,4JN4P,SUP - Sub Tier  -  Material Constraint,"[{open_alerts: 1, total_alerts: 2, new_alerts: 2, repeated_alerts: 5, closed_alerts: 8}]"
2019-09-27,581TH,SUP - Sub Tier  -  Material Constraint,"[{open_alerts: 1, total_alerts: 2, new_alerts: 2, repeated_alerts: 5, closed_alerts: 8}]"
2019-09-27,5WNC9,SUP - Sub Tier  -  Material Constraint,"[{open_alerts: 1, total_alerts: 2, new_alerts: 2, repeated_alerts: 5, closed_alerts: 8}]"
2019-09-27,6HMCJ,SUP - Sub Tier  -  Material Constraint,"[{open_alerts: 1, total_alerts: 2, new_alerts: 2, repeated_alerts: 5, closed_alerts: 8}]"
2019-09-27,7818V,SUP - Sub Tier  -  Material Constraint,"[{open_alerts: 1, total_alerts: 2, new_alerts: 2, repeated_alerts: 5, closed_alerts: 8}]"
2019-09-27,84RFJ,SUP - Sub Tier  -  Material Constraint,"[{open_alerts: 1, total_alerts: 2, new_alerts: 2, repeated_alerts: 5, closed_alerts: 8}]"
2019-09-27,8YH87,SUP - Sub Tier  -  Material Constraint,"[{open_alerts: 1, total_alerts: 2, new_alerts: 2, repeated_alerts: 5, closed_alerts: 8}]"
2019-09-27,KFDNN,SUP - Sub Tier  -  Material Constraint,"[{open_alerts: 1, total_alerts: 2, new_alerts: 2, repeated_alerts: 5, closed_alerts: 8}]"
2019-09-09,0G7D0,EOL - Transition Management,"[{open_alerts: 1, total_alerts: 2, new_alerts: 2, repeated_alerts: 5, closed_alerts: 8}]"
2019-09-09,0GXG0,LOT - Non Compliant LO,"[{open_alerts: 2, total_alerts: 2, new_alerts: 2, repeated_alerts: 5, closed_alerts: 8}]"
2019-09-09,14J3N,EOL - Transition Management,"[{open_alerts: 1, total_alerts: 2, new_alerts: 2, repeated_alerts: 5, closed_alerts: 8}]"
2019-09-09,14X68,LOT - Non Compliant LO,"[{open_alerts: 2, total_alerts: 2, new_alerts: 2, repeated_alerts: 5, closed_alerts: 8}]"
2019-09-09,1TF10,EOL - Transition Management,"[{open_alerts: 1, total_alerts: 2, new_alerts: 2, repeated_alerts: 5, closed_alerts: 8}]"
2019-09-09,1VXC6,LOT - Non Compliant LO,"[{open_alerts: 2, total_alerts: 2, new_alerts: 2, repeated_alerts: 5, closed_alerts: 8}]"
2019-09-09,2FVXN,EOL - Transition Management,"[{open_alerts: 1, total_alerts: 2, new_alerts: 2, repeated_alerts: 5, closed_alerts: 8}]"
2019-09-09,2GVXN,LOT - Non Compliant LO,"[{open_alerts: 2, total_alerts: 2, new_alerts: 2, repeated_alerts: 5, closed_alerts: 8}]"
2019-09-09,3C2HC,EOL - Transition Management,"[{open_alerts: 1, total_alerts: 2, new_alerts: 2, repeated_alerts: 5, closed_alerts: 8}]"
2019-09-09,3D84K,LOT - Non Compliant LO,"[{open_alerts: 2, total_alerts: 2, new_alerts: 2, repeated_alerts: 5, closed_alerts: 8}]"
2019-09-09,410VM,EOL - Transition Management,"[{open_alerts: 1, total_alerts: 2, new_alerts: 2, repeated_alerts: 5, closed_alerts: 8}]"
2019-09-09,41PJ8,EOL - Transition Management,"[{open_alerts: 1, total_alerts: 2, new_alerts: 2, repeated_alerts: 5, closed_alerts: 8}]"
2019-09-09,4257F,LOT - Non Compliant LO,"[{open_alerts: 2, total_alerts: 2, new_alerts: 2, repeated_alerts: 5, closed_alerts: 8}]"
2019-09-09,4TVT4,LOT - Non Compliant LO,"[{open_alerts: 2, total_alerts: 2, new_alerts: 2, repeated_alerts: 5, closed_alerts: 8}]"
2019-09-09,4V24T,EOL - Transition Management,"[{open_alerts: 1, total_alerts: 2, new_alerts: 2, repeated_alerts: 5, closed_alerts: 8}]"
2019-09-09,4W4HK,LOT - Non Compliant LO,"[{open_alerts: 2, total_alerts: 2, new_alerts: 2, repeated_alerts: 5, closed_alerts: 8}]"
2019-09-09,5H1YT,EOL - Transition Management,"[{open_alerts: 1, total_alerts: 2, new_alerts: 2, repeated_alerts: 5, closed_alerts: 8}]"
2019-09-09,5H747,LOT - Non Compliant LO,"[{open_alerts: 2, total_alerts: 2, new_alerts: 2, repeated_alerts: 5, closed_alerts: 8}]"
2019-09-09,644G3,EOL - Transition Management,"[{open_alerts: 1, total_alerts: 2, new_alerts: 2, repeated_alerts: 5, closed_alerts: 8}]"
2019-09-09,65GG2,LOT - Non Compliant LO,"[{open_alerts: 2, total_alerts: 2, new_alerts: 2, repeated_alerts: 5, closed_alerts: 8}]"
2019-09-09,6NGKR,EOL - Transition Management,"[{open_alerts: 1, total_alerts: 2, new_alerts: 2, repeated_alerts: 5, closed_alerts: 8}]"
2019-09-09,6PPGD,LOT - Non Compliant LO,"[{open_alerts: 2, total_alerts: 2, new_alerts: 2, repeated_alerts: 5, closed_alerts: 8}]"
2019-09-09,7NK01,EOL - Transition Management,"[{open_alerts: 1, total_alerts: 2, new_alerts: 2, repeated_alerts: 5, closed_alerts: 8}]"
2019-09-09,7V6F3,LOT - Non Compliant LO,"[{open_alerts: 2, total_alerts: 2, new_alerts: 2, repeated_alerts: 5, closed_alerts: 8}]"
2019-09-09,8G1W4,EOL - Transition Management,"[{open_alerts: 1, total_alerts: 2, new_alerts: 2, repeated_alerts: 5, closed_alerts: 8}]"
2019-09-09,8GC46,LOT - Non Compliant LO,"[{open_alerts: 2, total_alerts: 2, new_alerts: 2, repeated_alerts: 5, closed_alerts: 8}]"
2019-09-09,T6V3H,EOL - Transition Management,"[{open_alerts: 1, total_alerts: 2, new_alerts: 2, repeated_alerts: 5, closed_alerts: 8}]"
2019-09-09,TN5WK,LOT - Non Compliant LO,"[{open_alerts: 2, total_alerts: 2, new_alerts: 2, repeated_alerts: 5, closed_alerts: 8}]"
2019-09-21,058VY,NPI - Transition Management,"[{open_alerts: 1, total_alerts: 2, new_alerts: 2, repeated_alerts: 5, closed_alerts: 8}]"
2019-09-21,0PDJP,NPI - Transition Management,"[{open_alerts: 1, total_alerts: 2, new_alerts: 2, repeated_alerts: 5, closed_alerts: 8}]"
2019-09-21,1G1MG,NPI - Transition Management,"[{open_alerts: 1, total_alerts: 2, new_alerts: 2, repeated_alerts: 5, closed_alerts: 8}]"
2019-09-21,20VGR,NPI - Transition Management,"[{open_alerts: 1, total_alerts: 2, new_alerts: 2, repeated_alerts: 5, closed_alerts: 8}]"
2019-09-21,2WDP8,NPI - Transition Management,"[{open_alerts: 1, total_alerts: 2, new_alerts: 2, repeated_alerts: 5, closed_alerts: 8}]"
2019-09-21,3MJ79,NPI - Transition Management,"[{open_alerts: 1, total_alerts: 2, new_alerts: 2, repeated_alerts: 5, closed_alerts: 8}]"
2019-09-21,4C1JR,NPI - Transition Management,"[{open_alerts: 1, total_alerts: 2, new_alerts: 2, repeated_alerts: 5, closed_alerts: 8}]"
2019-09-21,52HY6,NPI - Transition Management,"[{open_alerts: 1, total_alerts: 2, new_alerts: 2, repeated_alerts: 5, closed_alerts: 8}]"
2019-09-21,5R48F,NPI - Transition Management,"[{open_alerts: 1, total_alerts: 2, new_alerts: 2, repeated_alerts: 5, closed_alerts: 8}]"
2019-09-21,6CN58,NPI - Transition Management,"[{open_alerts: 1, total_alerts: 2, new_alerts: 2, repeated_alerts: 5, closed_alerts: 8}]"
2019-09-21,72V2P,NPI - Transition Management,"[{open_alerts: 1, total_alerts: 2, new_alerts: 2, repeated_alerts: 5, closed_alerts: 8}]"
2019-09-21,8200M,NPI - Transition Management,"[{open_alerts: 1, total_alerts: 2, new_alerts: 2, repeated_alerts: 5, closed_alerts: 8}]"
2019-09-21,8VTT9,NPI - Transition Management,"[{open_alerts: 1, total_alerts: 2, new_alerts: 2, repeated_alerts: 5, closed_alerts: 8}]"
2019-09-21,CM7R5,NPI - Transition Management,"[{open_alerts: 1, total_alerts: 2, new_alerts: 2, repeated_alerts: 5, closed_alerts: 8}]"
2019-09-14,005NJ,SUP - Sub Tier  -  Material Constraint,"[{open_alerts: 1, total_alerts: 1, new_alerts: 1, repeated_alerts: 5, closed_alerts: 8}]"
2019-09-14,0KXDD,SUP - Sub Tier  -  Material Constraint,"[{open_alerts: 1, total_alerts: 1, new_alerts: 1, repeated_alerts: 5, closed_alerts: 8}]"
2019-09-14,192XW,SUP - Sub Tier  -  Material Constraint,"[{open_alerts: 1, total_alerts: 1, new_alerts: 1, repeated_alerts: 5, closed_alerts: 8}]"
2019-09-14,1X4PP,SUP - Sub Tier  -  Material Constraint,"[{open_alerts: 1, total_alerts: 1, new_alerts: 1, repeated_alerts: 5, closed_alerts: 8}]"
2019-09-14,2KYYV,SUP - Sub Tier  -  Material Constraint,"[{open_alerts: 1, total_alerts: 1, new_alerts: 1, repeated_alerts: 5, closed_alerts: 8}]"
2019-09-14,3H7YR,SUP - Sub Tier  -  Material Constraint,"[{open_alerts: 1, total_alerts: 1, new_alerts: 1, repeated_alerts: 5, closed_alerts: 8}]"
2019-09-14,469N6,SUP - Sub Tier  -  Material Constraint,"[{open_alerts: 1, total_alerts: 1, new_alerts: 1, repeated_alerts: 5, closed_alerts: 8}]"
2019-09-14,4YHVG,SUP - Sub Tier  -  Material Constraint,"[{open_alerts: 1, total_alerts: 1, new_alerts: 1, repeated_alerts: 5, closed_alerts: 8}]"
2019-09-14,5K8K0,SUP - Sub Tier  -  Material Constraint,"[{open_alerts: 1, total_alerts: 1, new_alerts: 1, repeated_alerts: 5, closed_alerts: 8}]"
2019-09-14,68X72,SUP - Sub Tier  -  Material Constraint,"[{open_alerts: 1, total_alerts: 1, new_alerts: 1, repeated_alerts: 5, closed_alerts: 8}]"
2019-09-14,6PY8J,SUP - Sub Tier  -  Material Constraint,"[{open_alerts: 1, total_alerts: 1, new_alerts: 1, repeated_alerts: 5, closed_alerts: 8}]"
2019-09-14,6T6R5,SUP - Sub Tier  -  Material Constraint,"[{open_alerts: 1, total_alerts: 1, new_alerts: 1, repeated_alerts: 5, closed_alerts: 8}]"
2019-09-14,7X2FK,SUP - Sub Tier  -  Material Constraint,"[{open_alerts: 1, total_alerts: 1, new_alerts: 1, repeated_alerts: 5, closed_alerts: 8}]"
2019-09-14,8N2WW,SUP - Sub Tier  -  Material Constraint,"[{open_alerts: 1, total_alerts: 1, new_alerts: 1, repeated_alerts: 5, closed_alerts: 8}]"
2019-09-07,0G3TC,BTB - Buy to Backlog,"[{open_alerts: 1, total_alerts: 1, new_alerts: 1, repeated_alerts: 5, closed_alerts: 8}]"
2019-09-07,14DFF,BTB - Buy to Backlog,"[{open_alerts: 1, total_alerts: 1, new_alerts: 1, repeated_alerts: 5, closed_alerts: 8}]"
2019-09-07,1T0V1,BTB - Buy to Backlog,"[{open_alerts: 1, total_alerts: 1, new_alerts: 1, repeated_alerts: 5, closed_alerts: 8}]"
2019-09-07,2DWT5,BTB - Buy to Backlog,"[{open_alerts: 1, total_alerts: 1, new_alerts: 1, repeated_alerts: 5, closed_alerts: 8}]"
2019-09-07,307XD,BTB - Buy to Backlog,"[{open_alerts: 1, total_alerts: 1, new_alerts: 1, repeated_alerts: 5, closed_alerts: 8}]"
2019-09-07,39PJC,BTB - Buy to Backlog,"[{open_alerts: 1, total_alerts: 1, new_alerts: 1, repeated_alerts: 5, closed_alerts: 8}]"
2019-09-07,40CM0,BTB - Buy to Backlog,"[{open_alerts: 1, total_alerts: 1, new_alerts: 1, repeated_alerts: 5, closed_alerts: 8}]"
2019-09-07,4TDH3,BTB - Buy to Backlog,"[{open_alerts: 1, total_alerts: 1, new_alerts: 1, repeated_alerts: 5, closed_alerts: 8}]"
2019-09-07,5GV3R,BTB - Buy to Backlog,"[{open_alerts: 1, total_alerts: 1, new_alerts: 1, repeated_alerts: 5, closed_alerts: 8}]"
2019-09-07,63XGY,BTB - Buy to Backlog,"[{open_alerts: 1, total_alerts: 1, new_alerts: 1, repeated_alerts: 5, closed_alerts: 8}]"
2019-09-07,6NDTV,BTB - Buy to Backlog,"[{open_alerts: 1, total_alerts: 1, new_alerts: 1, repeated_alerts: 5, closed_alerts: 8}]"
2019-09-07,7MM7X,BTB - Buy to Backlog,"[{open_alerts: 1, total_alerts: 1, new_alerts: 1, repeated_alerts: 5, closed_alerts: 8}]"
2019-09-07,8FJF8,BTB - Buy to Backlog,"[{open_alerts: 1, total_alerts: 1, new_alerts: 1, repeated_alerts: 5, closed_alerts: 8}]"
2019-09-07,R7X5F,BTB - Buy to Backlog,"[{open_alerts: 1, total_alerts: 1, new_alerts: 1, repeated_alerts: 5, closed_alerts: 8}]"
2019-08-30,0CCFD,SUP - Sub Tier  -  Material Constraint,"[{open_alerts: 1, total_alerts: 2, new_alerts: 2, repeated_alerts: 5, closed_alerts: 8}]"
2019-08-30,10J6F,SUP - Sub Tier  -  Material Constraint,"[{open_alerts: 1, total_alerts: 2, new_alerts: 2, repeated_alerts: 5, closed_alerts: 8}]"
2019-08-30,1P6W7,SUP - Sub Tier  -  Material Constraint,"[{open_alerts: 1, total_alerts: 2, new_alerts: 2, repeated_alerts: 5, closed_alerts: 8}]"
2019-08-30,25XYG,SUP - Sub Tier  -  Material Constraint,"[{open_alerts: 1, total_alerts: 2, new_alerts: 2, repeated_alerts: 5, closed_alerts: 8}]"
2019-08-30,36M0F,SUP - Sub Tier  -  Material Constraint,"[{open_alerts: 1, total_alerts: 2, new_alerts: 2, repeated_alerts: 5, closed_alerts: 8}]"
2019-08-30,3W80X,SUP - Sub Tier  -  Material Constraint,"[{open_alerts: 1, total_alerts: 2, new_alerts: 2, repeated_alerts: 5, closed_alerts: 8}]"
2019-08-30,4KGD5,SUP - Sub Tier  -  Material Constraint,"[{open_alerts: 1, total_alerts: 2, new_alerts: 2, repeated_alerts: 5, closed_alerts: 8}]"
2019-08-30,591KY,SUP - Sub Tier  -  Material Constraint,"[{open_alerts: 1, total_alerts: 2, new_alerts: 2, repeated_alerts: 5, closed_alerts: 8}]"
2019-08-30,5XJGF,SUP - Sub Tier  -  Material Constraint,"[{open_alerts: 1, total_alerts: 2, new_alerts: 2, repeated_alerts: 5, closed_alerts: 8}]"
2019-08-30,6JD4Y,SUP - Sub Tier  -  Material Constraint,"[{open_alerts: 1, total_alerts: 2, new_alerts: 2, repeated_alerts: 5, closed_alerts: 8}]"
2019-08-30,7FFXD,SUP - Sub Tier  -  Material Constraint,"[{open_alerts: 1, total_alerts: 2, new_alerts: 2, repeated_alerts: 5, closed_alerts: 8}]"
2019-08-30,8759Y,SUP - Sub Tier  -  Material Constraint,"[{open_alerts: 1, total_alerts: 2, new_alerts: 2, repeated_alerts: 5, closed_alerts: 8}]"
2019-08-30,90YMR,SUP - Sub Tier  -  Material Constraint,"[{open_alerts: 1, total_alerts: 2, new_alerts: 2, repeated_alerts: 5, closed_alerts: 8}]"
2019-08-30,NKPKG,SUP - Sub Tier  -  Material Constraint,"[{open_alerts: 1, total_alerts: 2, new_alerts: 2, repeated_alerts: 5, closed_alerts: 8}]"
2019-09-20,050FX,LOT - Non Compliant LO,"[{open_alerts: 2, total_alerts: 2, new_alerts: 2, repeated_alerts: 5, closed_alerts: 8}]"
2019-09-20,0P9VD,LOT - Non Compliant LO,"[{open_alerts: 2, total_alerts: 2, new_alerts: 2, repeated_alerts: 5, closed_alerts: 8}]"
2019-09-20,1FHF9,LOT - Non Compliant LO,"[{open_alerts: 2, total_alerts: 2, new_alerts: 2, repeated_alerts: 5, closed_alerts: 8}]"
2019-09-20,20RDX,LOT - Non Compliant LO,"[{open_alerts: 2, total_alerts: 2, new_alerts: 2, repeated_alerts: 5, closed_alerts: 8}]"
2019-09-20,2V5MN,LOT - Non Compliant LO,"[{open_alerts: 2, total_alerts: 2, new_alerts: 2, repeated_alerts: 5, closed_alerts: 8}]"
2019-09-20,3M001,LOT - Non Compliant LO,"[{open_alerts: 2, total_alerts: 2, new_alerts: 2, repeated_alerts: 5, closed_alerts: 8}]"
2019-09-20,49TWY,LOT - Non Compliant LO,"[{open_alerts: 2, total_alerts: 2, new_alerts: 2, repeated_alerts: 5, closed_alerts: 8}]"
2019-09-20,51FD1,LOT - Non Compliant LO,"[{open_alerts: 2, total_alerts: 2, new_alerts: 2, repeated_alerts: 5, closed_alerts: 8}]"
2019-09-20,5PWMN,LOT - Non Compliant LO,"[{open_alerts: 2, total_alerts: 2, new_alerts: 2, repeated_alerts: 5, closed_alerts: 8}]"
2019-09-20,6C73X,LOT - Non Compliant LO,"[{open_alerts: 2, total_alerts: 2, new_alerts: 2, repeated_alerts: 5, closed_alerts: 8}]"
2019-09-20,70GW2,LOT - Non Compliant LO,"[{open_alerts: 2, total_alerts: 2, new_alerts: 2, repeated_alerts: 5, closed_alerts: 8}]"
2019-09-20,8017N,LOT - Non Compliant LO,"[{open_alerts: 2, total_alerts: 2, new_alerts: 2, repeated_alerts: 5, closed_alerts: 8}]"
2019-09-20,8VR08,LOT - Non Compliant LO,"[{open_alerts: 2, total_alerts: 2, new_alerts: 2, repeated_alerts: 5, closed_alerts: 8}]"
2019-09-20,C4RWJ,LOT - Non Compliant LO,"[{open_alerts: 2, total_alerts: 2, new_alerts: 2, repeated_alerts: 5, closed_alerts: 8}]"
2019-09-19,03NW7,BTB - Buy to Backlog,"[{open_alerts: 1, total_alerts: 2, new_alerts: 2, repeated_alerts: 5, closed_alerts: 8}]"
2019-09-19,04D0R,EOL - Transition Management,"[{open_alerts: 1, total_alerts: 2, new_alerts: 2, repeated_alerts: 5, closed_alerts: 8}]"
2019-09-19,0P0F1,BTB - Buy to Backlog,"[{open_alerts: 1, total_alerts: 2, new_alerts: 2, repeated_alerts: 5, closed_alerts: 8}]"
2019-09-19,0P5K1,EOL - Transition Management,"[{open_alerts: 1, total_alerts: 2, new_alerts: 2, repeated_alerts: 5, closed_alerts: 8}]"
2019-09-19,1DGM9,BTB - Buy to Backlog,"[{open_alerts: 1, total_alerts: 2, new_alerts: 2, repeated_alerts: 5, closed_alerts: 8}]"
2019-09-19,1DNG6,EOL - Transition Management,"[{open_alerts: 1, total_alerts: 2, new_alerts: 2, repeated_alerts: 5, closed_alerts: 8}]"
2019-09-19,1Y50G,BTB - Buy to Backlog,"[{open_alerts: 1, total_alerts: 2, new_alerts: 2, repeated_alerts: 5, closed_alerts: 8}]"
2019-09-19,206C9,EOL - Transition Management,"[{open_alerts: 1, total_alerts: 2, new_alerts: 2, repeated_alerts: 5, closed_alerts: 8}]"
2019-09-19,2TH48,BTB - Buy to Backlog,"[{open_alerts: 1, total_alerts: 2, new_alerts: 2, repeated_alerts: 5, closed_alerts: 8}]"
2019-09-19,2TYCD,EOL - Transition Management,"[{open_alerts: 1, total_alerts: 2, new_alerts: 2, repeated_alerts: 5, closed_alerts: 8}]"
2019-09-19,3K5JM,BTB - Buy to Backlog,"[{open_alerts: 1, total_alerts: 2, new_alerts: 2, repeated_alerts: 5, closed_alerts: 8}]"
2019-09-19,3KJ8R,EOL - Transition Management,"[{open_alerts: 1, total_alerts: 2, new_alerts: 2, repeated_alerts: 5, closed_alerts: 8}]"
2019-09-19,4838J,BTB - Buy to Backlog,"[{open_alerts: 1, total_alerts: 2, new_alerts: 2, repeated_alerts: 5, closed_alerts: 8}]"
2019-09-19,49PR0,EOL - Transition Management,"[{open_alerts: 1, total_alerts: 2, new_alerts: 2, repeated_alerts: 5, closed_alerts: 8}]"
2019-09-19,50RW9,BTB - Buy to Backlog,"[{open_alerts: 1, total_alerts: 2, new_alerts: 2, repeated_alerts: 5, closed_alerts: 8}]"
2019-09-19,50XCW,EOL - Transition Management,"[{open_alerts: 1, total_alerts: 2, new_alerts: 2, repeated_alerts: 5, closed_alerts: 8}]"
2019-09-19,5MPC2,BTB - Buy to Backlog,"[{open_alerts: 1, total_alerts: 2, new_alerts: 2, repeated_alerts: 5, closed_alerts: 8}]"
2019-09-19,5P9R2,EOL - Transition Management,"[{open_alerts: 1, total_alerts: 2, new_alerts: 2, repeated_alerts: 5, closed_alerts: 8}]"
2019-09-19,69P3H,BTB - Buy to Backlog,"[{open_alerts: 1, total_alerts: 2, new_alerts: 2, repeated_alerts: 5, closed_alerts: 8}]"
2019-09-19,69YVW,EOL - Transition Management,"[{open_alerts: 1, total_alerts: 2, new_alerts: 2, repeated_alerts: 5, closed_alerts: 8}]"
2019-09-19,6Y7N0,BTB - Buy to Backlog,"[{open_alerts: 1, total_alerts: 2, new_alerts: 2, repeated_alerts: 5, closed_alerts: 8}]"
2019-09-19,6YX8V,EOL - Transition Management,"[{open_alerts: 1, total_alerts: 2, new_alerts: 2, repeated_alerts: 5, closed_alerts: 8}]"
2019-09-19,7XR24,BTB - Buy to Backlog,"[{open_alerts: 1, total_alerts: 2, new_alerts: 2, repeated_alerts: 5, closed_alerts: 8}]"
2019-09-19,7YF39,EOL - Transition Management,"[{open_alerts: 1, total_alerts: 2, new_alerts: 2, repeated_alerts: 5, closed_alerts: 8}]"
2019-09-19,8TP36,BTB - Buy to Backlog,"[{open_alerts: 1, total_alerts: 2, new_alerts: 2, repeated_alerts: 5, closed_alerts: 8}]"
2019-09-19,8V0RK,EOL - Transition Management,"[{open_alerts: 1, total_alerts: 2, new_alerts: 2, repeated_alerts: 5, closed_alerts: 8}]"
2019-09-19,8XK4X,EOL - Transition Management,"[{open_alerts: 1, total_alerts: 2, new_alerts: 2, repeated_alerts: 5, closed_alerts: 8}]"
2019-09-28,KXXN7,PNS - Material Available in HUB,"[{open_alerts: 1, total_alerts: 2, new_alerts: 2, repeated_alerts: 5, closed_alerts: 8}]"
2019-09-06,0FX75,LOT - Non Compliant LO,"[{open_alerts: 1, total_alerts: 1, new_alerts: 1, repeated_alerts: 5, closed_alerts: 8}]"
2019-09-06,13TK8,LOT - Non Compliant LO,"[{open_alerts: 1, total_alerts: 1, new_alerts: 1, repeated_alerts: 5, closed_alerts: 8}]"
2019-09-06,1RX0H,LOT - Non Compliant LO,"[{open_alerts: 1, total_alerts: 1, new_alerts: 1, repeated_alerts: 5, closed_alerts: 8}]"
2019-09-06,2D3WM,LOT - Non Compliant LO,"[{open_alerts: 1, total_alerts: 1, new_alerts: 1, repeated_alerts: 5, closed_alerts: 8}]"
2019-09-06,2PJ75,LOT - Non Compliant LO,"[{open_alerts: 1, total_alerts: 1, new_alerts: 1, repeated_alerts: 5, closed_alerts: 8}]"
2019-09-06,39FXN,LOT - Non Compliant LO,"[{open_alerts: 1, total_alerts: 1, new_alerts: 1, repeated_alerts: 5, closed_alerts: 8}]"
2019-09-06,3Y43J,LOT - Non Compliant LO,"[{open_alerts: 1, total_alerts: 1, new_alerts: 1, repeated_alerts: 5, closed_alerts: 8}]"
2019-09-06,4T6PT,LOT - Non Compliant LO,"[{open_alerts: 1, total_alerts: 1, new_alerts: 1, repeated_alerts: 5, closed_alerts: 8}]"
2019-09-06,5FTFH,LOT - Non Compliant LO,"[{open_alerts: 1, total_alerts: 1, new_alerts: 1, repeated_alerts: 5, closed_alerts: 8}]"
2019-09-06,62VYN,LOT - Non Compliant LO,"[{open_alerts: 1, total_alerts: 1, new_alerts: 1, repeated_alerts: 5, closed_alerts: 8}]"
2019-09-06,6NCRY,LOT - Non Compliant LO,"[{open_alerts: 1, total_alerts: 1, new_alerts: 1, repeated_alerts: 5, closed_alerts: 8}]"
2019-09-06,7M94R,LOT - Non Compliant LO,"[{open_alerts: 1, total_alerts: 1, new_alerts: 1, repeated_alerts: 5, closed_alerts: 8}]"
2019-09-06,8DHWY,LOT - Non Compliant LO,"[{open_alerts: 1, total_alerts: 1, new_alerts: 1, repeated_alerts: 5, closed_alerts: 8}]"
2019-09-06,R429X,LOT - Non Compliant LO,"[{open_alerts: 1, total_alerts: 1, new_alerts: 1, repeated_alerts: 5, closed_alerts: 8}]"
2019-09-02,0DH1P,EOL - Transition Management,"[{open_alerts: 1, total_alerts: 1, new_alerts: 1, repeated_alerts: 5, closed_alerts: 8}]"
2019-09-02,10KW3,EOL - Transition Management,"[{open_alerts: 1, total_alerts: 1, new_alerts: 1, repeated_alerts: 5, closed_alerts: 8}]"
2019-09-02,1R3JH,EOL - Transition Management,"[{open_alerts: 1, total_alerts: 1, new_alerts: 1, repeated_alerts: 5, closed_alerts: 8}]"
2019-09-02,26XGK,EOL - Transition Management,"[{open_alerts: 1, total_alerts: 1, new_alerts: 1, repeated_alerts: 5, closed_alerts: 8}]"
2019-09-02,37GVD,EOL - Transition Management,"[{open_alerts: 1, total_alerts: 1, new_alerts: 1, repeated_alerts: 5, closed_alerts: 8}]"
2019-09-02,3X40K,EOL - Transition Management,"[{open_alerts: 1, total_alerts: 1, new_alerts: 1, repeated_alerts: 5, closed_alerts: 8}]"
2019-09-02,4R34C,EOL - Transition Management,"[{open_alerts: 1, total_alerts: 1, new_alerts: 1, repeated_alerts: 5, closed_alerts: 8}]"
2019-09-02,5CMWK,EOL - Transition Management,"[{open_alerts: 1, total_alerts: 1, new_alerts: 1, repeated_alerts: 5, closed_alerts: 8}]"
2019-09-02,5YK4W,EOL - Transition Management,"[{open_alerts: 1, total_alerts: 1, new_alerts: 1, repeated_alerts: 5, closed_alerts: 8}]"
2019-09-02,6KN0G,EOL - Transition Management,"[{open_alerts: 1, total_alerts: 1, new_alerts: 1, repeated_alerts: 5, closed_alerts: 8}]"
2019-09-02,7GR5W,EOL - Transition Management,"[{open_alerts: 1, total_alerts: 1, new_alerts: 1, repeated_alerts: 5, closed_alerts: 8}]"
2019-09-02,886X5,EOL - Transition Management,"[{open_alerts: 1, total_alerts: 1, new_alerts: 1, repeated_alerts: 5, closed_alerts: 8}]"
2019-09-02,P34KG,EOL - Transition Management,"[{open_alerts: 1, total_alerts: 1, new_alerts: 1, repeated_alerts: 5, closed_alerts: 8}]"
2019-09-02,YY8W3,EOL - Transition Management,"[{open_alerts: 1, total_alerts: 1, new_alerts: 1, repeated_alerts: 5, closed_alerts: 8}]"
2019-09-11,0HCV8,NPI - Transition Management,"[{open_alerts: 1, total_alerts: 2, new_alerts: 2, repeated_alerts: 5, closed_alerts: 8}]"
2019-09-11,17JXK,NPI - Transition Management,"[{open_alerts: 1, total_alerts: 2, new_alerts: 2, repeated_alerts: 5, closed_alerts: 8}]"
2019-09-11,1WT3F,NPI - Transition Management,"[{open_alerts: 1, total_alerts: 2, new_alerts: 2, repeated_alerts: 5, closed_alerts: 8}]"
2019-09-11,2JTN2,NPI - Transition Management,"[{open_alerts: 1, total_alerts: 2, new_alerts: 2, repeated_alerts: 5, closed_alerts: 8}]"
2019-09-11,3G81T,NPI - Transition Management,"[{open_alerts: 1, total_alerts: 2, new_alerts: 2, repeated_alerts: 5, closed_alerts: 8}]"
2019-09-11,43RR8,NPI - Transition Management,"[{open_alerts: 1, total_alerts: 2, new_alerts: 2, repeated_alerts: 5, closed_alerts: 8}]"
2019-09-11,4X8C0,NPI - Transition Management,"[{open_alerts: 1, total_alerts: 2, new_alerts: 2, repeated_alerts: 5, closed_alerts: 8}]"
2019-09-11,5HT18,NPI - Transition Management,"[{open_alerts: 1, total_alerts: 2, new_alerts: 2, repeated_alerts: 5, closed_alerts: 8}]"
2019-09-11,605HK,NPI - Transition Management,"[{open_alerts: 1, total_alerts: 2, new_alerts: 2, repeated_alerts: 5, closed_alerts: 8}]"
2019-09-11,676NG,NPI - Transition Management,"[{open_alerts: 1, total_alerts: 2, new_alerts: 2, repeated_alerts: 5, closed_alerts: 8}]"
2019-09-11,6R5P5,NPI - Transition Management,"[{open_alerts: 1, total_alerts: 2, new_alerts: 2, repeated_alerts: 5, closed_alerts: 8}]"
2019-09-11,7VG9Y,NPI - Transition Management,"[{open_alerts: 1, total_alerts: 2, new_alerts: 2, repeated_alerts: 5, closed_alerts: 8}]"
2019-09-11,8M2PJ,NPI - Transition Management,"[{open_alerts: 1, total_alerts: 2, new_alerts: 2, repeated_alerts: 5, closed_alerts: 8}]"
2019-09-11,XFM1K,NPI - Transition Management,"[{open_alerts: 1, total_alerts: 2, new_alerts: 2, repeated_alerts: 5, closed_alerts: 8}]"
2019-09-24,05XKT,FCA - DSS/DCS,"[{open_alerts: 1, total_alerts: 2, new_alerts: 2, repeated_alerts: 5, closed_alerts: 8}]"
2019-09-24,0RH65,FCA - DSS/DCS,"[{open_alerts: 1, total_alerts: 2, new_alerts: 2, repeated_alerts: 5, closed_alerts: 8}]"
2019-09-24,1HYFT,FCA - DSS/DCS,"[{open_alerts: 1, total_alerts: 2, new_alerts: 2, repeated_alerts: 5, closed_alerts: 8}]"
2019-09-24,22PNF,FCA - DSS/DCS,"[{open_alerts: 1, total_alerts: 2, new_alerts: 2, repeated_alerts: 5, closed_alerts: 8}]"
2019-09-24,2X5P3,FCA - DSS/DCS,"[{open_alerts: 1, total_alerts: 2, new_alerts: 2, repeated_alerts: 5, closed_alerts: 8}]"
2019-09-24,3P18G,FCA - DSS/DCS,"[{open_alerts: 1, total_alerts: 2, new_alerts: 2, repeated_alerts: 5, closed_alerts: 8}]"
2019-09-24,4F4Y8,FCA - DSS/DCS,"[{open_alerts: 1, total_alerts: 2, new_alerts: 2, repeated_alerts: 5, closed_alerts: 8}]"
2019-09-24,57FK8,FCA - DSS/DCS,"[{open_alerts: 1, total_alerts: 2, new_alerts: 2, repeated_alerts: 5, closed_alerts: 8}]"
2019-09-24,5V5Y1,FCA - DSS/DCS,"[{open_alerts: 1, total_alerts: 2, new_alerts: 2, repeated_alerts: 5, closed_alerts: 8}]"
2019-09-24,6FJ4C,FCA - DSS/DCS,"[{open_alerts: 1, total_alerts: 2, new_alerts: 2, repeated_alerts: 5, closed_alerts: 8}]"
2019-09-24,73M8T,FCA - DSS/DCS,"[{open_alerts: 1, total_alerts: 2, new_alerts: 2, repeated_alerts: 5, closed_alerts: 8}]"
2019-09-24,83D3Y,FCA - DSS/DCS,"[{open_alerts: 1, total_alerts: 2, new_alerts: 2, repeated_alerts: 5, closed_alerts: 8}]"
2019-09-24,8VXM3,FCA - DSS/DCS,"[{open_alerts: 1, total_alerts: 2, new_alerts: 2, repeated_alerts: 5, closed_alerts: 8}]"
2019-09-24,FH6DR,FCA - DSS/DCS,"[{open_alerts: 1, total_alerts: 2, new_alerts: 2, repeated_alerts: 5, closed_alerts: 8}]"
2019-09-01,0CH4X,BTB - Non CFI low Run Rate Part,"[{open_alerts: 2, total_alerts: 2, new_alerts: 2, repeated_alerts: 5, closed_alerts: 8}]"
2019-09-01,10K24,BTB - Non CFI low Run Rate Part,"[{open_alerts: 2, total_alerts: 2, new_alerts: 2, repeated_alerts: 5, closed_alerts: 8}]"
2019-09-01,1PX2F,BTB - Non CFI low Run Rate Part,"[{open_alerts: 2, total_alerts: 2, new_alerts: 2, repeated_alerts: 5, closed_alerts: 8}]"
2019-09-01,26GXT,BTB - Non CFI low Run Rate Part,"[{open_alerts: 2, total_alerts: 2, new_alerts: 2, repeated_alerts: 5, closed_alerts: 8}]"
2019-09-01,3737Y,BTB - Non CFI low Run Rate Part,"[{open_alerts: 2, total_alerts: 2, new_alerts: 2, repeated_alerts: 5, closed_alerts: 8}]"
2019-09-01,3WV3P,BTB - Non CFI low Run Rate Part,"[{open_alerts: 2, total_alerts: 2, new_alerts: 2, repeated_alerts: 5, closed_alerts: 8}]"
2019-09-01,4N4MT,BTB - Non CFI low Run Rate Part,"[{open_alerts: 2, total_alerts: 2, new_alerts: 2, repeated_alerts: 5, closed_alerts: 8}]"
2019-09-01,59RP8,BTB - Non CFI low Run Rate Part,"[{open_alerts: 2, total_alerts: 2, new_alerts: 2, repeated_alerts: 5, closed_alerts: 8}]"
2019-09-01,5XXJ1,BTB - Non CFI low Run Rate Part,"[{open_alerts: 2, total_alerts: 2, new_alerts: 2, repeated_alerts: 5, closed_alerts: 8}]"
2019-09-01,6JTX8,BTB - Non CFI low Run Rate Part,"[{open_alerts: 2, total_alerts: 2, new_alerts: 2, repeated_alerts: 5, closed_alerts: 8}]"
2019-09-01,7GCNC,BTB - Non CFI low Run Rate Part,"[{open_alerts: 2, total_alerts: 2, new_alerts: 2, repeated_alerts: 5, closed_alerts: 8}]"
2019-09-01,878WD,BTB - Non CFI low Run Rate Part,"[{open_alerts: 2, total_alerts: 2, new_alerts: 2, repeated_alerts: 5, closed_alerts: 8}]"
2019-09-01,NYD2N,BTB - Non CFI low Run Rate Part,"[{open_alerts: 2, total_alerts: 2, new_alerts: 2, repeated_alerts: 5, closed_alerts: 8}]"
2019-09-01,YY2XG,BTB - Non CFI low Run Rate Part,"[{open_alerts: 2, total_alerts: 2, new_alerts: 2, repeated_alerts: 5, closed_alerts: 8}]"
2019-08-29,MNC9M,SQE,"[{open_alerts: 2, total_alerts: 2, new_alerts: 2, repeated_alerts: 5, closed_alerts: 8}]"
2019-09-16,011YY,BTB,"[{open_alerts: 2, total_alerts: 2, new_alerts: 2, repeated_alerts: 5, closed_alerts: 8}]"
2019-09-16,0M65N,BTB,"[{open_alerts: 2, total_alerts: 2, new_alerts: 2, repeated_alerts: 5, closed_alerts: 8}]"
2019-09-16,1CRPM,BTB,"[{open_alerts: 2, total_alerts: 2, new_alerts: 2, repeated_alerts: 5, closed_alerts: 8}]"
2019-09-16,1XNWP,BTB,"[{open_alerts: 2, total_alerts: 2, new_alerts: 2, repeated_alerts: 5, closed_alerts: 8}]"
2019-09-16,2MYDD,BTB,"[{open_alerts: 2, total_alerts: 2, new_alerts: 2, repeated_alerts: 5, closed_alerts: 8}]"
2019-09-16,3J86Y,BTB,"[{open_alerts: 2, total_alerts: 2, new_alerts: 2, repeated_alerts: 5, closed_alerts: 8}]"
2019-09-16,472F0,BTB,"[{open_alerts: 2, total_alerts: 2, new_alerts: 2, repeated_alerts: 5, closed_alerts: 8}]"
2019-09-16,502DK,BTB,"[{open_alerts: 2, total_alerts: 2, new_alerts: 2, repeated_alerts: 5, closed_alerts: 8}]"
2019-09-16,5KYVP,BTB,"[{open_alerts: 2, total_alerts: 2, new_alerts: 2, repeated_alerts: 5, closed_alerts: 8}]"
2019-09-16,69C9M,BTB,"[{open_alerts: 2, total_alerts: 2, new_alerts: 2, repeated_alerts: 5, closed_alerts: 8}]"
2019-09-16,6WMN0,BTB,"[{open_alerts: 2, total_alerts: 2, new_alerts: 2, repeated_alerts: 5, closed_alerts: 8}]"
2019-09-16,7XGJ2,BTB,"[{open_alerts: 2, total_alerts: 2, new_alerts: 2, repeated_alerts: 5, closed_alerts: 8}]"
2019-09-16,83Y40,BTB,"[{open_alerts: 2, total_alerts: 2, new_alerts: 2, repeated_alerts: 5, closed_alerts: 8}]"
2019-09-16,8NYJV,BTB,"[{open_alerts: 2, total_alerts: 2, new_alerts: 2, repeated_alerts: 5, closed_alerts: 8}]"
2019-09-26,07N0P,SQE,"[{open_alerts: 2, total_alerts: 2, new_alerts: 2, repeated_alerts: 5, closed_alerts: 8}]"
2019-09-26,0TVWF,SQE,"[{open_alerts: 2, total_alerts: 2, new_alerts: 2, repeated_alerts: 5, closed_alerts: 8}]"
2019-09-26,1JH4P,SQE,"[{open_alerts: 2, total_alerts: 2, new_alerts: 2, repeated_alerts: 5, closed_alerts: 8}]"
2019-09-26,2356N,SQE,"[{open_alerts: 2, total_alerts: 2, new_alerts: 2, repeated_alerts: 5, closed_alerts: 8}]"
2019-09-26,2YFDN,SQE,"[{open_alerts: 2, total_alerts: 2, new_alerts: 2, repeated_alerts: 5, closed_alerts: 8}]"
2019-09-26,3TMJX,SQE,"[{open_alerts: 2, total_alerts: 2, new_alerts: 2, repeated_alerts: 5, closed_alerts: 8}]"
2019-09-26,4HJXC,SQE,"[{open_alerts: 2, total_alerts: 2, new_alerts: 2, repeated_alerts: 5, closed_alerts: 8}]"
2019-09-26,57T16,SQE,"[{open_alerts: 2, total_alerts: 2, new_alerts: 2, repeated_alerts: 5, closed_alerts: 8}]"
2019-09-26,5WCPH,SQE,"[{open_alerts: 2, total_alerts: 2, new_alerts: 2, repeated_alerts: 5, closed_alerts: 8}]"
2019-09-26,6H90J,SQE,"[{open_alerts: 2, total_alerts: 2, new_alerts: 2, repeated_alerts: 5, closed_alerts: 8}]"
2019-09-26,76VXN,SQE,"[{open_alerts: 2, total_alerts: 2, new_alerts: 2, repeated_alerts: 5, closed_alerts: 8}]"
2019-09-26,84J55,SQE,"[{open_alerts: 2, total_alerts: 2, new_alerts: 2, repeated_alerts: 5, closed_alerts: 8}]"
2019-09-26,8XDX9,SQE,"[{open_alerts: 2, total_alerts: 2, new_alerts: 2, repeated_alerts: 5, closed_alerts: 8}]"
2019-09-26,HYWC8,SQE,"[{open_alerts: 2, total_alerts: 2, new_alerts: 2, repeated_alerts: 5, closed_alerts: 8}]"
2019-09-03,0F1KY,LOT - Non Compliant LO,"[{open_alerts: 2, total_alerts: 2, new_alerts: 2, repeated_alerts: 5, closed_alerts: 8}]"
2019-09-03,110VC,LOT - Non Compliant LO,"[{open_alerts: 2, total_alerts: 2, new_alerts: 2, repeated_alerts: 5, closed_alerts: 8}]"
2019-09-03,1R4GY,LOT - Non Compliant LO,"[{open_alerts: 2, total_alerts: 2, new_alerts: 2, repeated_alerts: 5, closed_alerts: 8}]"
2019-09-03,28WVD,LOT - Non Compliant LO,"[{open_alerts: 2, total_alerts: 2, new_alerts: 2, repeated_alerts: 5, closed_alerts: 8}]"
2019-09-03,37Y02,LOT - Non Compliant LO,"[{open_alerts: 2, total_alerts: 2, new_alerts: 2, repeated_alerts: 5, closed_alerts: 8}]"
2019-09-03,3X80Y,LOT - Non Compliant LO,"[{open_alerts: 2, total_alerts: 2, new_alerts: 2, repeated_alerts: 5, closed_alerts: 8}]"
2019-09-03,4R6K4,LOT - Non Compliant LO,"[{open_alerts: 2, total_alerts: 2, new_alerts: 2, repeated_alerts: 5, closed_alerts: 8}]"
2019-09-03,5DM58,LOT - Non Compliant LO,"[{open_alerts: 2, total_alerts: 2, new_alerts: 2, repeated_alerts: 5, closed_alerts: 8}]"
2019-09-03,60K5F,LOT - Non Compliant LO,"[{open_alerts: 2, total_alerts: 2, new_alerts: 2, repeated_alerts: 5, closed_alerts: 8}]"
2019-09-03,6KRNM,LOT - Non Compliant LO,"[{open_alerts: 2, total_alerts: 2, new_alerts: 2, repeated_alerts: 5, closed_alerts: 8}]"
2019-09-03,7HKJ0,LOT - Non Compliant LO,"[{open_alerts: 2, total_alerts: 2, new_alerts: 2, repeated_alerts: 5, closed_alerts: 8}]"
2019-09-03,89R4X,LOT - Non Compliant LO,"[{open_alerts: 2, total_alerts: 2, new_alerts: 2, repeated_alerts: 5, closed_alerts: 8}]"
2019-09-03,PCP5J,LOT - Non Compliant LO,"[{open_alerts: 2, total_alerts: 2, new_alerts: 2, repeated_alerts: 5, closed_alerts: 8}]"
2019-09-03,YYGCN,LOT - Non Compliant LO,"[{open_alerts: 2, total_alerts: 2, new_alerts: 2, repeated_alerts: 5, closed_alerts: 8}]"
2019-09-29,09NK2,PNS - Material Available in HUB,"[{open_alerts: 1, total_alerts: 2, new_alerts: 2, repeated_alerts: 5, closed_alerts: 8}]"
2019-09-29,0C6YY,SQE,"[{open_alerts: 2, total_alerts: 2, new_alerts: 2, repeated_alerts: 5, closed_alerts: 8}]"
2019-09-29,0VN9K,PNS - Material Available in HUB,"[{open_alerts: 1, total_alerts: 2, new_alerts: 2, repeated_alerts: 5, closed_alerts: 8}]"
2019-09-29,0WMGD,SQE,"[{open_alerts: 2, total_alerts: 2, new_alerts: 2, repeated_alerts: 5, closed_alerts: 8}]"
2019-09-29,1KNHX,PNS - Material Available in HUB,"[{open_alerts: 1, total_alerts: 2, new_alerts: 2, repeated_alerts: 5, closed_alerts: 8}]"
2019-09-29,1KP2R,SQE,"[{open_alerts: 2, total_alerts: 2, new_alerts: 2, repeated_alerts: 5, closed_alerts: 8}]"
2019-09-29,24KRM,PNS - Material Available in HUB,"[{open_alerts: 1, total_alerts: 2, new_alerts: 2, repeated_alerts: 5, closed_alerts: 8}]"
2019-09-29,24TMD,SQE,"[{open_alerts: 2, total_alerts: 2, new_alerts: 2, repeated_alerts: 5, closed_alerts: 8}]"
2019-09-29,30F77,PNS - Material Available in HUB,"[{open_alerts: 1, total_alerts: 2, new_alerts: 2, repeated_alerts: 5, closed_alerts: 8}]"
2019-09-29,34GPR,SQE,"[{open_alerts: 2, total_alerts: 2, new_alerts: 2, repeated_alerts: 5, closed_alerts: 8}]"
2019-09-29,3V68G,PNS - Material Available in HUB,"[{open_alerts: 1, total_alerts: 2, new_alerts: 2, repeated_alerts: 5, closed_alerts: 8}]"
2019-09-29,3W7XV,SQE,"[{open_alerts: 2, total_alerts: 2, new_alerts: 2, repeated_alerts: 5, closed_alerts: 8}]"
2019-09-29,4JVTD,PNS - Material Available in HUB,"[{open_alerts: 1, total_alerts: 2, new_alerts: 2, repeated_alerts: 5, closed_alerts: 8}]"
2019-09-29,4K3GD,SQE,"[{open_alerts: 2, total_alerts: 2, new_alerts: 2, repeated_alerts: 5, closed_alerts: 8}]"
2019-09-29,58FW5,PNS - Material Available in HUB,"[{open_alerts: 1, total_alerts: 2, new_alerts: 2, repeated_alerts: 5, closed_alerts: 8}]"
2019-09-29,58GHP,SQE,"[{open_alerts: 2, total_alerts: 2, new_alerts: 2, repeated_alerts: 5, closed_alerts: 8}]"
2019-09-29,5WPM2,PNS - Material Available in HUB,"[{open_alerts: 1, total_alerts: 2, new_alerts: 2, repeated_alerts: 5, closed_alerts: 8}]"
2019-09-29,5X7DK,SQE,"[{open_alerts: 2, total_alerts: 2, new_alerts: 2, repeated_alerts: 5, closed_alerts: 8}]"
2019-09-29,6HR5M,PNS - Material Available in HUB,"[{open_alerts: 1, total_alerts: 2, new_alerts: 2, repeated_alerts: 5, closed_alerts: 8}]"
2019-09-29,6J7PM,SQE,"[{open_alerts: 2, total_alerts: 2, new_alerts: 2, repeated_alerts: 5, closed_alerts: 8}]"
2019-09-29,788Y4,PNS - Material Available in HUB,"[{open_alerts: 1, total_alerts: 2, new_alerts: 2, repeated_alerts: 5, closed_alerts: 8}]"
2019-09-29,7CT8G,SQE,"[{open_alerts: 2, total_alerts: 2, new_alerts: 2, repeated_alerts: 5, closed_alerts: 8}]"
2019-09-29,86GK6,PNS - Material Available in HUB,"[{open_alerts: 1, total_alerts: 2, new_alerts: 2, repeated_alerts: 5, closed_alerts: 8}]"
2019-09-29,86PT1,SQE,"[{open_alerts: 2, total_alerts: 2, new_alerts: 2, repeated_alerts: 5, closed_alerts: 8}]"
2019-09-29,90PC6,PNS - Material Available in HUB,"[{open_alerts: 1, total_alerts: 2, new_alerts: 2, repeated_alerts: 5, closed_alerts: 8}]"
2019-09-29,90R22,SQE,"[{open_alerts: 2, total_alerts: 2, new_alerts: 2, repeated_alerts: 5, closed_alerts: 8}]"
2019-09-05,0FJGV,BTB - Non CFI low Run Rate Part,"[{open_alerts: 2, total_alerts: 2, new_alerts: 2, repeated_alerts: 5, closed_alerts: 8}]"
2019-09-05,13TF3,BTB - Non CFI low Run Rate Part,"[{open_alerts: 2, total_alerts: 2, new_alerts: 2, repeated_alerts: 5, closed_alerts: 8}]"
2019-09-05,1R5K7,BTB - Non CFI low Run Rate Part,"[{open_alerts: 2, total_alerts: 2, new_alerts: 2, repeated_alerts: 5, closed_alerts: 8}]"
2019-09-05,1YFH8,BTB - Non CFI low Run Rate Part,"[{open_alerts: 2, total_alerts: 2, new_alerts: 2, repeated_alerts: 5, closed_alerts: 8}]"
2019-09-05,2CG2Y,BTB - Non CFI low Run Rate Part,"[{open_alerts: 2, total_alerts: 2, new_alerts: 2, repeated_alerts: 5, closed_alerts: 8}]"
2019-09-05,397CR,BTB - Non CFI low Run Rate Part,"[{open_alerts: 2, total_alerts: 2, new_alerts: 2, repeated_alerts: 5, closed_alerts: 8}]"
2019-09-05,3Y1D8,BTB - Non CFI low Run Rate Part,"[{open_alerts: 2, total_alerts: 2, new_alerts: 2, repeated_alerts: 5, closed_alerts: 8}]"
2019-09-05,4RC58,BTB - Non CFI low Run Rate Part,"[{open_alerts: 2, total_alerts: 2, new_alerts: 2, repeated_alerts: 5, closed_alerts: 8}]"
2019-09-05,5FRK9,BTB - Non CFI low Run Rate Part,"[{open_alerts: 2, total_alerts: 2, new_alerts: 2, repeated_alerts: 5, closed_alerts: 8}]"
2019-09-05,61MKT,BTB - Non CFI low Run Rate Part,"[{open_alerts: 2, total_alerts: 2, new_alerts: 2, repeated_alerts: 5, closed_alerts: 8}]"
2019-09-05,6MY1T,BTB - Non CFI low Run Rate Part,"[{open_alerts: 2, total_alerts: 2, new_alerts: 2, repeated_alerts: 5, closed_alerts: 8}]"
2019-09-05,7JWNW,BTB - Non CFI low Run Rate Part,"[{open_alerts: 2, total_alerts: 2, new_alerts: 2, repeated_alerts: 5, closed_alerts: 8}]"
2019-09-05,8D87T,BTB - Non CFI low Run Rate Part,"[{open_alerts: 2, total_alerts: 2, new_alerts: 2, repeated_alerts: 5, closed_alerts: 8}]"
2019-09-05,R14NK,BTB - Non CFI low Run Rate Part,"[{open_alerts: 2, total_alerts: 2, new_alerts: 2, repeated_alerts: 5, closed_alerts: 8}]"
2019-09-25,06XV7,PNS - Material Available in HUB,"[{open_alerts: 1, total_alerts: 2, new_alerts: 2, repeated_alerts: 5, closed_alerts: 8}]"
2019-09-25,0TF9T,PNS - Material Available in HUB,"[{open_alerts: 1, total_alerts: 2, new_alerts: 2, repeated_alerts: 5, closed_alerts: 8}]"
2019-09-25,1J2DJ,PNS - Material Available in HUB,"[{open_alerts: 1, total_alerts: 2, new_alerts: 2, repeated_alerts: 5, closed_alerts: 8}]"
2019-09-25,2312X,PNS - Material Available in HUB,"[{open_alerts: 1, total_alerts: 2, new_alerts: 2, repeated_alerts: 5, closed_alerts: 8}]"
2019-09-25,2Y37G,PNS - Material Available in HUB,"[{open_alerts: 1, total_alerts: 2, new_alerts: 2, repeated_alerts: 5, closed_alerts: 8}]"
2019-09-25,3RNCH,PNS - Material Available in HUB,"[{open_alerts: 1, total_alerts: 2, new_alerts: 2, repeated_alerts: 5, closed_alerts: 8}]"
2019-09-25,4GHW7,PNS - Material Available in HUB,"[{open_alerts: 1, total_alerts: 2, new_alerts: 2, repeated_alerts: 5, closed_alerts: 8}]"
2019-09-25,57GFD,PNS - Material Available in HUB,"[{open_alerts: 1, total_alerts: 2, new_alerts: 2, repeated_alerts: 5, closed_alerts: 8}]"
2019-09-25,5V736,PNS - Material Available in HUB,"[{open_alerts: 1, total_alerts: 2, new_alerts: 2, repeated_alerts: 5, closed_alerts: 8}]"
2019-09-25,6GKJD,PNS - Material Available in HUB,"[{open_alerts: 1, total_alerts: 2, new_alerts: 2, repeated_alerts: 5, closed_alerts: 8}]"
2019-09-25,74T9D,PNS - Material Available in HUB,"[{open_alerts: 1, total_alerts: 2, new_alerts: 2, repeated_alerts: 5, closed_alerts: 8}]"
2019-09-25,83DRP,PNS - Material Available in HUB,"[{open_alerts: 1, total_alerts: 2, new_alerts: 2, repeated_alerts: 5, closed_alerts: 8}]"
2019-09-25,8W7M2,PNS - Material Available in HUB,"[{open_alerts: 1, total_alerts: 2, new_alerts: 2, repeated_alerts: 5, closed_alerts: 8}]"
2019-09-25,HJ51R,PNS - Material Available in HUB,"[{open_alerts: 1, total_alerts: 2, new_alerts: 2, repeated_alerts: 5, closed_alerts: 8}]"