report_date,part_num,red_alerts
2019-09-04,09NK2,"[{open_alerts: 1, total_alerts: 8, new_alerts: 8, repeated_alerts: 8, closed_alerts: 8}]"
2019-09-04,0WMGD,"[{open_alerts: 5, total_alerts: 8, new_alerts: 8, repeated_alerts: 8, closed_alerts: 8}]"
2019-09-04,1P6W7,"[{open_alerts: 3, total_alerts: 43, new_alerts: 4, repeated_alerts: 4, closed_alerts: 4}]"
2019-09-04,26GXT,"[{open_alerts: 3, total_alerts: 43, new_alerts: 4, repeated_alerts: 4, closed_alerts: 4}]"
2019-09-04,37GVD,"[{open_alerts: 5, total_alerts: 5, new_alerts: 5, repeated_alerts: 0, closed_alerts: 0}]"
2019-09-04,3D84K,"[{open_alerts: 2, total_alerts: 2, new_alerts: 2, repeated_alerts: 0, closed_alerts: 0}]"
2019-09-04,3GX8Y,"[{open_alerts: 2, total_alerts: 2, new_alerts: 2, repeated_alerts: 4, closed_alerts: 4}]"
2019-09-04,3M001,"[{open_alerts: 2, total_alerts: 43, new_alerts: 4, repeated_alerts: 4, closed_alerts: 4}]"
2019-09-04,3P18G,"[{open_alerts: 2, total_alerts: 1, new_alerts: 1, repeated_alerts: 4, closed_alerts: 4}]"
2019-09-04,3WV3P,"[{open_alerts: 1, total_alerts: 1, new_alerts: 1, repeated_alerts: 4, closed_alerts: 4}]"
2019-09-04,3Y1D8,"[{open_alerts: 2, total_alerts: 43, new_alerts: 4, repeated_alerts: 4, closed_alerts: 4}]"
2019-09-04,44F19,"[{open_alerts: 2, total_alerts: 2, new_alerts: 2, repeated_alerts: 4, closed_alerts: 4}]"
2019-09-04,472F0,"[{open_alerts: 3, total_alerts: 43, new_alerts: 4, repeated_alerts: 4, closed_alerts: 4}]"
2019-09-04,4CTJP,"[{open_alerts: 3, total_alerts: 43, new_alerts: 4, repeated_alerts: 4, closed_alerts: 4}]"
2019-09-04,4JN4P,"[{open_alerts: 1, total_alerts: 1, new_alerts: 1, repeated_alerts: 4, closed_alerts: 4}]"
2019-09-04,4R9KD,"[{open_alerts: 6, total_alerts: 7, new_alerts: 2, repeated_alerts: 4, closed_alerts: 4}]"
2019-09-04,4V24T,"[{open_alerts: 1, total_alerts: 43, new_alerts: 4, repeated_alerts: 4, closed_alerts: 4}]"
2019-09-04,4YRRD,"[{open_alerts: 2, total_alerts: 2, new_alerts: 2, repeated_alerts: 4, closed_alerts: 4}]"
2019-09-04,KFDNN,"[{open_alerts: 2, total_alerts: 2, new_alerts: 2, repeated_alerts: 9, closed_alerts: 8}]"
2019-09-04,RKG5D,"[{open_alerts: 3, total_alerts: 3, new_alerts: 3, repeated_alerts: 8, closed_alerts: 8}]"
2019-09-04,TV69Y,"[{open_alerts: 3, total_alerts: 3, new_alerts: 3, repeated_alerts: 8, closed_alerts: 8}]"
2019-09-04,VXX3P,"[{open_alerts: 2, total_alerts: 2, new_alerts: 2, repeated_alerts: 9, closed_alerts: 8}]"
2019-09-04,X0KTD,"[{open_alerts: 3, total_alerts: 8, new_alerts: 8, repeated_alerts: 8, closed_alerts: 8}]"
2019-09-04,Y10R5,"[{open_alerts: 3, total_alerts: 8, new_alerts: 8, repeated_alerts: 8, closed_alerts: 8}]"
2019-09-04,YRJJ3,"[{open_alerts: 3, total_alerts: 3, new_alerts: 3, repeated_alerts: 8, closed_alerts: 8}]"
2019-09-13,0G3TC,"[{open_alerts: 3, total_alerts: 8, new_alerts: 8, repeated_alerts: 8, closed_alerts: 8}]"
2019-09-13,14J3N,"[{open_alerts: 5, total_alerts: 8, new_alerts: 8, repeated_alerts: 8, closed_alerts: 8}]"
2019-09-13,1VXC6,"[{open_alerts: 1, total_alerts: 1, new_alerts: 1, repeated_alerts: 4, closed_alerts: 4}]"
2019-09-13,1YFH8,"[{open_alerts: 3, total_alerts: 3, new_alerts: 3, repeated_alerts: 8, closed_alerts: 8}]"
2019-09-13,2H23C,"[{open_alerts: 1, total_alerts: 1, new_alerts: 1, repeated_alerts: 4, closed_alerts: 4}]"
2019-09-13,R429X,"[{open_alerts: 2, total_alerts: 2, new_alerts: 2, repeated_alerts: 9, closed_alerts: 8}]"
2019-09-13,RX6CD,"[{open_alerts: 1, total_alerts: 1, new_alerts: 1, repeated_alerts: 8, closed_alerts: 8}]"
2019-09-13,V355J,"[{open_alerts: 2, total_alerts: 2, new_alerts: 2, repeated_alerts: 8, closed_alerts: 8}]"
2019-09-13,W4WXT,"[{open_alerts: 2, total_alerts: 2, new_alerts: 2, repeated_alerts: 9, closed_alerts: 8}]"
2019-09-13,X77JX,"[{open_alerts: 3, total_alerts: 8, new_alerts: 8, repeated_alerts: 8, closed_alerts: 8}]"
2019-09-13,Y62GY,"[{open_alerts: 8, total_alerts: 8, new_alerts: 8, repeated_alerts: 8, closed_alerts: 8}]"
2019-09-23,011YY,"[{open_alerts: 2, total_alerts: 2, new_alerts: 2, repeated_alerts: 9, closed_alerts: 8}]"
2019-09-23,0N55N,"[{open_alerts: 1, total_alerts: 8, new_alerts: 8, repeated_alerts: 8, closed_alerts: 8}]"
2019-09-23,1DGM9,"[{open_alerts: 3, total_alerts: 8, new_alerts: 8, repeated_alerts: 8, closed_alerts: 8}]"
2019-09-23,206C9,"[{open_alerts: 3, total_alerts: 43, new_alerts: 4, repeated_alerts: 4, closed_alerts: 4}]"
2019-09-23,2V5MN,"[{open_alerts: 3, total_alerts: 43, new_alerts: 4, repeated_alerts: 4, closed_alerts: 4}]"
2019-09-23,7HFJR,"[{open_alerts: 2, total_alerts: 2, new_alerts: 2, repeated_alerts: 8, closed_alerts: 8}]"
2019-09-23,T4YR8,"[{open_alerts: 2, total_alerts: 2, new_alerts: 2, repeated_alerts: 8, closed_alerts: 8}]"
2019-09-23,VG31Y,"[{open_alerts: 2, total_alerts: 2, new_alerts: 2, repeated_alerts: 9, closed_alerts: 8}]"
2019-09-23,WD7NM,"[{open_alerts: 5, total_alerts: 8, new_alerts: 8, repeated_alerts: 8, closed_alerts: 8}]"
2019-09-23,XJT2W,"[{open_alerts: 5, total_alerts: 8, new_alerts: 8, repeated_alerts: 8, closed_alerts: 8}]"
2019-09-23,YD5NR,"[{open_alerts: 3, total_alerts: 3, new_alerts: 3, repeated_alerts: 8, closed_alerts: 8}]"
2019-09-22,00V8C,"[{open_alerts: 2, total_alerts: 2, new_alerts: 2, repeated_alerts: 9, closed_alerts: 8}]"
2019-09-22,0M65N,"[{open_alerts: 3, total_alerts: 8, new_alerts: 8, repeated_alerts: 8, closed_alerts: 8}]"
2019-09-22,1D28N,"[{open_alerts: 5, total_alerts: 8, new_alerts: 8, repeated_alerts: 8, closed_alerts: 8}]"
2019-09-22,1Y50G,"[{open_alerts: 2, total_alerts: 43, new_alerts: 4, repeated_alerts: 4, closed_alerts: 4}]"
2019-09-22,2TYCD,"[{open_alerts: 2, total_alerts: 43, new_alerts: 4, repeated_alerts: 4, closed_alerts: 4}]"
2019-09-22,6PY8J,"[{open_alerts: 3, total_alerts: 3, new_alerts: 3, repeated_alerts: 8, closed_alerts: 8}]"
2019-09-22,T4F1X,"[{open_alerts: 3, total_alerts: 3, new_alerts: 3, repeated_alerts: 8, closed_alerts: 8}]"
2019-09-22,VFVT2,"[{open_alerts: 2, total_alerts: 2, new_alerts: 2, repeated_alerts: 9, closed_alerts: 8}]"
2019-09-22,WD25P,"[{open_alerts: 1, total_alerts: 8, new_alerts: 8, repeated_alerts: 8, closed_alerts: 8}]"
2019-09-22,XGYYT,"[{open_alerts: 5, total_alerts: 8, new_alerts: 8, repeated_alerts: 8, closed_alerts: 8}]"
2019-09-22,YCM0F,"[{open_alerts: 3, total_alerts: 3, new_alerts: 3, repeated_alerts: 8, closed_alerts: 8}]"
2019-09-10,0F8HR,"[{open_alerts: 5, total_alerts: 8, new_alerts: 8, repeated_alerts: 8, closed_alerts: 8}]"
2019-09-10,13TF3,"[{open_alerts: 5, total_alerts: 8, new_alerts: 8, repeated_alerts: 8, closed_alerts: 8}]"
2019-09-10,1RX0H,"[{open_alerts: 3, total_alerts: 1, new_alerts: 1, repeated_alerts: 4, closed_alerts: 4}]"
2019-09-10,2DWT5,"[{open_alerts: 3, total_alerts: 1, new_alerts: 1, repeated_alerts: 4, closed_alerts: 4}]"
2019-09-10,PCP5J,"[{open_alerts: 2, total_alerts: 2, new_alerts: 2, repeated_alerts: 9, closed_alerts: 8}]"
2019-09-10,RRD41,"[{open_alerts: 3, total_alerts: 3, new_alerts: 3, repeated_alerts: 8, closed_alerts: 8}]"
2019-09-10,TYPR3,"[{open_alerts: 2, total_alerts: 2, new_alerts: 2, repeated_alerts: 8, closed_alerts: 8}]"
2019-09-10,W35FK,"[{open_alerts: 2, total_alerts: 2, new_alerts: 2, repeated_alerts: 9, closed_alerts: 8}]"
2019-09-10,X5H3W,"[{open_alerts: 1, total_alerts: 8, new_alerts: 8, repeated_alerts: 8, closed_alerts: 8}]"
2019-09-10,Y56MG,"[{open_alerts: 3, total_alerts: 8, new_alerts: 8, repeated_alerts: 8, closed_alerts: 8}]"
2019-09-10,YY8W3,"[{open_alerts: 2, total_alerts: 2, new_alerts: 2, repeated_alerts: 8, closed_alerts: 8}]"
2019-09-15,0GXG0,"[{open_alerts: 5, total_alerts: 8, new_alerts: 8, repeated_alerts: 8, closed_alerts: 8}]"
2019-09-15,164JT,"[{open_alerts: 3, total_alerts: 8, new_alerts: 8, repeated_alerts: 8, closed_alerts: 8}]"
2019-09-15,1WT3F,"[{open_alerts: 1, total_alerts: 1, new_alerts: 1, repeated_alerts: 4, closed_alerts: 4}]"
2019-09-15,2JXP9,"[{open_alerts: 1, total_alerts: 1, new_alerts: 1, repeated_alerts: 4, closed_alerts: 4}]"
2019-09-15,307XD,"[{open_alerts: 3, total_alerts: 3, new_alerts: 3, repeated_alerts: 8, closed_alerts: 8}]"
2019-09-15,RXP1N,"[{open_alerts: 3, total_alerts: 3, new_alerts: 3, repeated_alerts: 8, closed_alerts: 8}]"
2019-09-15,T6V3H,"[{open_alerts: 2, total_alerts: 2, new_alerts: 2, repeated_alerts: 9, closed_alerts: 8}]"
2019-09-15,V4JC9,"[{open_alerts: 2, total_alerts: 2, new_alerts: 2, repeated_alerts: 8, closed_alerts: 8}]"
2019-09-15,W6JYG,"[{open_alerts: 2, total_alerts: 2, new_alerts: 2, repeated_alerts: 9, closed_alerts: 8}]"
2019-09-15,X9CKY,"[{open_alerts: 8, total_alerts: 8, new_alerts: 8, repeated_alerts: 8, closed_alerts: 8}]"
2019-09-15,Y7FWX,"[{open_alerts: 3, total_alerts: 3, new_alerts: 3, repeated_alerts: 8, closed_alerts: 8}]"
2019-09-02,07N0P,"[{open_alerts: 3, total_alerts: 8, new_alerts: 8, repeated_alerts: 8, closed_alerts: 8}]"
2019-09-02,0TWMH,"[{open_alerts: 1, total_alerts: 8, new_alerts: 8, repeated_alerts: 8, closed_alerts: 8}]"
2019-09-02,1KNHX,"[{open_alerts: 3, total_alerts: 43, new_alerts: 4, repeated_alerts: 4, closed_alerts: 4}]"
2019-09-02,24TMD,"[{open_alerts: 3, total_alerts: 43, new_alerts: 4, repeated_alerts: 4, closed_alerts: 4}]"
2019-09-02,36M0F,"[{open_alerts: 5, total_alerts: 5, new_alerts: 5, repeated_alerts: 0, closed_alerts: 0}]"
2019-09-02,39PJC,"[{open_alerts: 2, total_alerts: 2, new_alerts: 2, repeated_alerts: 0, closed_alerts: 0}]"
2019-09-02,3G81T,"[{open_alerts: 2, total_alerts: 2, new_alerts: 2, repeated_alerts: 0, closed_alerts: 0}]"
2019-09-02,3K5JM,"[{open_alerts: 1, total_alerts: 43, new_alerts: 4, repeated_alerts: 4, closed_alerts: 4}]"
2019-09-02,3NF5F,"[{open_alerts: 3, total_alerts: 43, new_alerts: 4, repeated_alerts: 4, closed_alerts: 4}]"
2019-09-02,3W7XV,"[{open_alerts: 1, total_alerts: 1, new_alerts: 1, repeated_alerts: 4, closed_alerts: 4}]"
2019-09-02,3X80Y,"[{open_alerts: 6, total_alerts: 7, new_alerts: 2, repeated_alerts: 4, closed_alerts: 4}]"
2019-09-02,436RK,"[{open_alerts: 3, total_alerts: 43, new_alerts: 4, repeated_alerts: 4, closed_alerts: 4}]"
2019-09-02,469N6,"[{open_alerts: 2, total_alerts: 2, new_alerts: 2, repeated_alerts: 4, closed_alerts: 4}]"
2019-09-02,4C1JR,"[{open_alerts: 2, total_alerts: 43, new_alerts: 4, repeated_alerts: 4, closed_alerts: 4}]"
2019-09-02,4GHW7,"[{open_alerts: 2, total_alerts: 1, new_alerts: 1, repeated_alerts: 4, closed_alerts: 4}]"
2019-09-02,4R34C,"[{open_alerts: 1, total_alerts: 1, new_alerts: 1, repeated_alerts: 4, closed_alerts: 4}]"
2019-09-02,4T6PT,"[{open_alerts: 2, total_alerts: 43, new_alerts: 4, repeated_alerts: 4, closed_alerts: 4}]"
2019-09-02,4XTHJ,"[{open_alerts: 2, total_alerts: 2, new_alerts: 2, repeated_alerts: 4, closed_alerts: 4}]"
2019-09-02,HJ51R,"[{open_alerts: 2, total_alerts: 2, new_alerts: 2, repeated_alerts: 9, closed_alerts: 8}]"
2019-09-02,R9F80,"[{open_alerts: 3, total_alerts: 3, new_alerts: 3, repeated_alerts: 8, closed_alerts: 8}]"
2019-09-02,TPDKH,"[{open_alerts: 3, total_alerts: 3, new_alerts: 3, repeated_alerts: 8, closed_alerts: 8}]"
2019-09-02,VW611,"[{open_alerts: 2, total_alerts: 2, new_alerts: 2, repeated_alerts: 9, closed_alerts: 8}]"
2019-09-02,WYVD3,"[{open_alerts: 5, total_alerts: 8, new_alerts: 8, repeated_alerts: 8, closed_alerts: 8}]"
2019-09-02,XY64Y,"[{open_alerts: 3, total_alerts: 8, new_alerts: 8, repeated_alerts: 8, closed_alerts: 8}]"
2019-09-02,YPPY0,"[{open_alerts: 3, total_alerts: 3, new_alerts: 3, repeated_alerts: 8, closed_alerts: 8}]"
2019-09-16,0H2FG,"[{open_alerts: 5, total_alerts: 8, new_alerts: 8, repeated_alerts: 8, closed_alerts: 8}]"
2019-09-16,17JXK,"[{open_alerts: 2, total_alerts: 8, new_alerts: 8, repeated_alerts: 8, closed_alerts: 8}]"
2019-09-16,1WTT4,"[{open_alerts: 1, total_alerts: 1, new_alerts: 1, repeated_alerts: 4, closed_alerts: 4}]"
2019-09-16,2K1HG,"[{open_alerts: 1, total_alerts: 1, new_alerts: 1, repeated_alerts: 4, closed_alerts: 4}]"
2019-09-16,410VM,"[{open_alerts: 3, total_alerts: 3, new_alerts: 3, repeated_alerts: 8, closed_alerts: 8}]"
2019-09-16,RY18C,"[{open_alerts: 2, total_alerts: 2, new_alerts: 2, repeated_alerts: 8, closed_alerts: 8}]"
2019-09-16,TN5WK,"[{open_alerts: 2, total_alerts: 2, new_alerts: 2, repeated_alerts: 9, closed_alerts: 8}]"
2019-09-16,V74JG,"[{open_alerts: 3, total_alerts: 3, new_alerts: 3, repeated_alerts: 8, closed_alerts: 8}]"
2019-09-16,W6TPP,"[{open_alerts: 2, total_alerts: 2, new_alerts: 2, repeated_alerts: 9, closed_alerts: 8}]"
2019-09-16,XC3R8,"[{open_alerts: 3, total_alerts: 8, new_alerts: 8, repeated_alerts: 8, closed_alerts: 8}]"
2019-09-16,Y7NWN,"[{open_alerts: 2, total_alerts: 2, new_alerts: 2, repeated_alerts: 8, closed_alerts: 8}]"
2019-09-26,04D0R,"[{open_alerts: 2, total_alerts: 2, new_alerts: 2, repeated_alerts: 9, closed_alerts: 8}]"
2019-09-26,0P9VD,"[{open_alerts: 3, total_alerts: 8, new_alerts: 8, repeated_alerts: 8, closed_alerts: 8}]"
2019-09-26,1G1MG,"[{open_alerts: 8, total_alerts: 8, new_alerts: 8, repeated_alerts: 8, closed_alerts: 8}]"
2019-09-26,221RD,"[{open_alerts: 2, total_alerts: 43, new_alerts: 4, repeated_alerts: 4, closed_alerts: 4}]"
2019-09-26,2WT10,"[{open_alerts: 2, total_alerts: 43, new_alerts: 4, repeated_alerts: 4, closed_alerts: 4}]"
2019-09-26,85GDX,"[{open_alerts: 2, total_alerts: 2, new_alerts: 2, repeated_alerts: 8, closed_alerts: 8}]"
2019-09-26,TGDGR,"[{open_alerts: 3, total_alerts: 8, new_alerts: 8, repeated_alerts: 8, closed_alerts: 8}]"
2019-09-26,VJ8HM,"[{open_alerts: 2, total_alerts: 2, new_alerts: 2, repeated_alerts: 9, closed_alerts: 8}]"
2019-09-26,WNK04,"[{open_alerts: 5, total_alerts: 8, new_alerts: 8, repeated_alerts: 8, closed_alerts: 8}]"
2019-09-26,XTXJ6,"[{open_alerts: 5, total_alerts: 8, new_alerts: 8, repeated_alerts: 8, closed_alerts: 8}]"
2019-09-26,YJ49G,"[{open_alerts: 1, total_alerts: 1, new_alerts: 1, repeated_alerts: 8, closed_alerts: 8}]"
2019-09-03,08TG1,"[{open_alerts: 1, total_alerts: 8, new_alerts: 8, repeated_alerts: 8, closed_alerts: 8}]"
2019-09-03,0VN9K,"[{open_alerts: 5, total_alerts: 8, new_alerts: 8, repeated_alerts: 8, closed_alerts: 8}]"
2019-09-03,1KP2R,"[{open_alerts: 2, total_alerts: 43, new_alerts: 4, repeated_alerts: 4, closed_alerts: 4}]"
2019-09-03,25XYG,"[{open_alerts: 2, total_alerts: 43, new_alerts: 4, repeated_alerts: 4, closed_alerts: 4}]"
2019-09-03,3737Y,"[{open_alerts: 2, total_alerts: 2, new_alerts: 2, repeated_alerts: 0, closed_alerts: 0}]"
2019-09-03,3C2HC,"[{open_alerts: 5, total_alerts: 5, new_alerts: 5, repeated_alerts: 0, closed_alerts: 0}]"
2019-09-03,3GFMM,"[{open_alerts: 1, total_alerts: 1, new_alerts: 1, repeated_alerts: 4, closed_alerts: 4}]"
2019-09-03,3KJ8R,"[{open_alerts: 1, total_alerts: 43, new_alerts: 4, repeated_alerts: 4, closed_alerts: 4}]"
2019-09-03,3P01D,"[{open_alerts: 3, total_alerts: 1, new_alerts: 1, repeated_alerts: 4, closed_alerts: 4}]"
2019-09-03,3W80X,"[{open_alerts: 2, total_alerts: 2, new_alerts: 2, repeated_alerts: 4, closed_alerts: 4}]"
2019-09-03,3XCNC,"[{open_alerts: 3, total_alerts: 43, new_alerts: 4, repeated_alerts: 4, closed_alerts: 4}]"
2019-09-03,43RR8,"[{open_alerts: 3, total_alerts: 43, new_alerts: 4, repeated_alerts: 4, closed_alerts: 4}]"
2019-09-03,469XK,"[{open_alerts: 6, total_alerts: 7, new_alerts: 2, repeated_alerts: 4, closed_alerts: 4}]"
2019-09-03,4C7X9,"[{open_alerts: 3, total_alerts: 43, new_alerts: 4, repeated_alerts: 4, closed_alerts: 4}]"
2019-09-03,4HJXC,"[{open_alerts: 3, total_alerts: 1, new_alerts: 1, repeated_alerts: 4, closed_alerts: 4}]"
2019-09-03,4R6K4,"[{open_alerts: 2, total_alerts: 2, new_alerts: 2, repeated_alerts: 4, closed_alerts: 4}]"
2019-09-03,4TDH3,"[{open_alerts: 3, total_alerts: 43, new_alerts: 4, repeated_alerts: 4, closed_alerts: 4}]"
2019-09-03,4YHVG,"[{open_alerts: 1, total_alerts: 1, new_alerts: 1, repeated_alerts: 4, closed_alerts: 4}]"
2019-09-03,HYWC8,"[{open_alerts: 2, total_alerts: 2, new_alerts: 2, repeated_alerts: 9, closed_alerts: 8}]"
2019-09-03,RGN68,"[{open_alerts: 2, total_alerts: 2, new_alerts: 2, repeated_alerts: 8, closed_alerts: 8}]"
2019-09-03,TPVNX,"[{open_alerts: 3, total_alerts: 3, new_alerts: 3, repeated_alerts: 8, closed_alerts: 8}]"
2019-09-03,VWWWW,"[{open_alerts: 2, total_alerts: 2, new_alerts: 2, repeated_alerts: 9, closed_alerts: 8}]"
2019-09-03,X0K4N,"[{open_alerts: 5, total_alerts: 8, new_alerts: 8, repeated_alerts: 8, closed_alerts: 8}]"
2019-09-03,XY7PR,"[{open_alerts: 2, total_alerts: 8, new_alerts: 8, repeated_alerts: 8, closed_alerts: 8}]"
2019-09-03,YPW07,"[{open_alerts: 2, total_alerts: 2, new_alerts: 2, repeated_alerts: 8, closed_alerts: 8}]"
2019-09-30,05WC4,"[{open_alerts: 2, total_alerts: 2, new_alerts: 2, repeated_alerts: 9, closed_alerts: 8}]"
2019-09-30,0RH65,"[{open_alerts: 5, total_alerts: 8, new_alerts: 8, repeated_alerts: 8, closed_alerts: 8}]"
2019-09-30,1J2DJ,"[{open_alerts: 1, total_alerts: 1, new_alerts: 1, repeated_alerts: 4, closed_alerts: 4}]"
2019-09-30,2356N,"[{open_alerts: 1, total_alerts: 1, new_alerts: 1, repeated_alerts: 4, closed_alerts: 4}]"
2019-09-30,306T0,"[{open_alerts: 1, total_alerts: 1, new_alerts: 1, repeated_alerts: 4, closed_alerts: 4}]"
2019-09-30,DKF9J,"[{open_alerts: 2, total_alerts: 2, new_alerts: 2, repeated_alerts: 8, closed_alerts: 8}]"
2019-09-30,TKW35,"[{open_alerts: 3, total_alerts: 3, new_alerts: 3, repeated_alerts: 8, closed_alerts: 8}]"
2019-09-30,VTJWN,"[{open_alerts: 2, total_alerts: 2, new_alerts: 2, repeated_alerts: 9, closed_alerts: 8}]"
2019-09-30,WX6XT,"[{open_alerts: 5, total_alerts: 8, new_alerts: 8, repeated_alerts: 8, closed_alerts: 8}]"
2019-09-30,XW3FY,"[{open_alerts: 2, total_alerts: 8, new_alerts: 8, repeated_alerts: 8, closed_alerts: 8}]"
2019-09-30,YMNWR,"[{open_alerts: 1, total_alerts: 1, new_alerts: 1, repeated_alerts: 8, closed_alerts: 8}]"
2019-09-29,058VY,"[{open_alerts: 2, total_alerts: 2, new_alerts: 2, repeated_alerts: 9, closed_alerts: 8}]"
2019-09-29,05TW2,"[{open_alerts: 2, total_alerts: 2, new_alerts: 2, repeated_alerts: 9, closed_alerts: 8}]"
2019-09-29,0PM7K,"[{open_alerts: 8, total_alerts: 8, new_alerts: 8, repeated_alerts: 8, closed_alerts: 8}]"
2019-09-29,0PTF2,"[{open_alerts: 3, total_alerts: 8, new_alerts: 8, repeated_alerts: 8, closed_alerts: 8}]"
2019-09-29,1GN56,"[{open_alerts: 5, total_alerts: 5, new_alerts: 5, repeated_alerts: 0, closed_alerts: 0}]"
2019-09-29,1HYFT,"[{open_alerts: 2, total_alerts: 2, new_alerts: 2, repeated_alerts: 0, closed_alerts: 0}]"
2019-09-29,22PNF,"[{open_alerts: 3, total_alerts: 43, new_alerts: 4, repeated_alerts: 4, closed_alerts: 4}]"
2019-09-29,2312X,"[{open_alerts: 2, total_alerts: 2, new_alerts: 2, repeated_alerts: 4, closed_alerts: 4}]"
2019-09-29,2Y37G,"[{open_alerts: 3, total_alerts: 43, new_alerts: 4, repeated_alerts: 4, closed_alerts: 4}]"
2019-09-29,2YFDN,"[{open_alerts: 2, total_alerts: 2, new_alerts: 2, repeated_alerts: 4, closed_alerts: 4}]"
2019-09-29,C4RWJ,"[{open_alerts: 2, total_alerts: 2, new_alerts: 2, repeated_alerts: 8, closed_alerts: 8}]"
2019-09-29,CM7R5,"[{open_alerts: 3, total_alerts: 3, new_alerts: 3, repeated_alerts: 8, closed_alerts: 8}]"
2019-09-29,TK85K,"[{open_alerts: 2, total_alerts: 2, new_alerts: 2, repeated_alerts: 8, closed_alerts: 8}]"
2019-09-29,VR846,"[{open_alerts: 2, total_alerts: 2, new_alerts: 2, repeated_alerts: 9, closed_alerts: 8}]"
2019-09-29,VT86W,"[{open_alerts: 2, total_alerts: 2, new_alerts: 2, repeated_alerts: 9, closed_alerts: 8}]"
2019-09-29,WV5HW,"[{open_alerts: 5, total_alerts: 8, new_alerts: 8, repeated_alerts: 8, closed_alerts: 8}]"
2019-09-29,WWMG8,"[{open_alerts: 5, total_alerts: 8, new_alerts: 8, repeated_alerts: 8, closed_alerts: 8}]"
2019-09-29,XV26H,"[{open_alerts: 5, total_alerts: 8, new_alerts: 8, repeated_alerts: 8, closed_alerts: 8}]"
2019-09-29,XVNNT,"[{open_alerts: 3, total_alerts: 8, new_alerts: 8, repeated_alerts: 8, closed_alerts: 8}]"
2019-09-29,YM5TT,"[{open_alerts: 3, total_alerts: 3, new_alerts: 3, repeated_alerts: 8, closed_alerts: 8}]"
2019-09-29,YM6X0,"[{open_alerts: 2, total_alerts: 2, new_alerts: 2, repeated_alerts: 8, closed_alerts: 8}]"
2019-09-25,03NW7,"[{open_alerts: 2, total_alerts: 2, new_alerts: 2, repeated_alerts: 9, closed_alerts: 8}]"
2019-09-25,0P5K1,"[{open_alerts: 3, total_alerts: 8, new_alerts: 8, repeated_alerts: 8, closed_alerts: 8}]"
2019-09-25,1FHF9,"[{open_alerts: 1, total_alerts: 8, new_alerts: 8, repeated_alerts: 8, closed_alerts: 8}]"
2019-09-25,20VGR,"[{open_alerts: 1, total_alerts: 43, new_alerts: 4, repeated_alerts: 4, closed_alerts: 4}]"
2019-09-25,2WKHT,"[{open_alerts: 1, total_alerts: 43, new_alerts: 4, repeated_alerts: 4, closed_alerts: 4}]"
2019-09-25,842VC,"[{open_alerts: 2, total_alerts: 2, new_alerts: 2, repeated_alerts: 8, closed_alerts: 8}]"
2019-09-25,TFK5W,"[{open_alerts: 5, total_alerts: 5, new_alerts: 5, repeated_alerts: 8, closed_alerts: 8}]"
2019-09-25,VH7RH,"[{open_alerts: 2, total_alerts: 2, new_alerts: 2, repeated_alerts: 9, closed_alerts: 8}]"
2019-09-25,WKY4Y,"[{open_alerts: 5, total_alerts: 8, new_alerts: 8, repeated_alerts: 8, closed_alerts: 8}]"
2019-09-25,XTJW3,"[{open_alerts: 5, total_alerts: 8, new_alerts: 8, repeated_alerts: 8, closed_alerts: 8}]"
2019-09-25,YHFM7,"[{open_alerts: 2, total_alerts: 2, new_alerts: 2, repeated_alerts: 8, closed_alerts: 8}]"
2019-09-05,0C6YY,"[{open_alerts: 5, total_alerts: 8, new_alerts: 8, repeated_alerts: 8, closed_alerts: 8}]"
2019-09-05,10J6F,"[{open_alerts: 5, total_alerts: 8, new_alerts: 8, repeated_alerts: 8, closed_alerts: 8}]"
2019-09-05,1PX2F,"[{open_alerts: 1, total_alerts: 43, new_alerts: 4, repeated_alerts: 4, closed_alerts: 4}]"
2019-09-05,26XGK,"[{open_alerts: 1, total_alerts: 43, new_alerts: 4, repeated_alerts: 4, closed_alerts: 4}]"
2019-09-05,37Y02,"[{open_alerts: 2, total_alerts: 2, new_alerts: 2, repeated_alerts: 0, closed_alerts: 0}]"
2019-09-05,3H7YR,"[{open_alerts: 6, total_alerts: 7, new_alerts: 2, repeated_alerts: 4, closed_alerts: 4}]"
2019-09-05,3RNCH,"[{open_alerts: 3, total_alerts: 1, new_alerts: 1, repeated_alerts: 4, closed_alerts: 4}]"
2019-09-05,3Y43J,"[{open_alerts: 3, total_alerts: 43, new_alerts: 4, repeated_alerts: 4, closed_alerts: 4}]"
2019-09-05,47XHX,"[{open_alerts: 2, total_alerts: 43, new_alerts: 4, repeated_alerts: 4, closed_alerts: 4}]"
2019-09-05,4JVTD,"[{open_alerts: 2, total_alerts: 1, new_alerts: 1, repeated_alerts: 4, closed_alerts: 4}]"
2019-09-05,4W4HK,"[{open_alerts: 1, total_alerts: 43, new_alerts: 4, repeated_alerts: 4, closed_alerts: 4}]"
2019-09-05,KXXN7,"[{open_alerts: 2, total_alerts: 2, new_alerts: 2, repeated_alerts: 9, closed_alerts: 8}]"
2019-09-05,RKW7R,"[{open_alerts: 3, total_alerts: 3, new_alerts: 3, repeated_alerts: 5, closed_alerts: 6}]"
2019-09-05,TVGN0,"[{open_alerts: 3, total_alerts: 3, new_alerts: 3, repeated_alerts: 8, closed_alerts: 8}]"
2019-09-05,VYJ3F,"[{open_alerts: 2, total_alerts: 2, new_alerts: 2, repeated_alerts: 9, closed_alerts: 8}]"
2019-09-05,X27KD,"[{open_alerts: 2, total_alerts: 8, new_alerts: 8, repeated_alerts: 8, closed_alerts: 8}]"
2019-09-05,Y1PJF,"[{open_alerts: 3, total_alerts: 8, new_alerts: 8, repeated_alerts: 8, closed_alerts: 8}]"
2019-09-05,YTDPN,"[{open_alerts: 2, total_alerts: 2, new_alerts: 2, repeated_alerts: 8, closed_alerts: 8}]"
2019-09-19,0HP0K,"[{open_alerts: 2, total_alerts: 8, new_alerts: 8, repeated_alerts: 8, closed_alerts: 8}]"
2019-09-19,0KFH8,"[{open_alerts: 3, total_alerts: 8, new_alerts: 8, repeated_alerts: 8, closed_alerts: 8}]"
2019-09-19,18YRW,"[{open_alerts: 3, total_alerts: 8, new_alerts: 8, repeated_alerts: 8, closed_alerts: 8}]"
2019-09-19,192XW,"[{open_alerts: 5, total_alerts: 8, new_alerts: 8, repeated_alerts: 8, closed_alerts: 8}]"
2019-09-19,1X4PP,"[{open_alerts: 1, total_alerts: 1, new_alerts: 1, repeated_alerts: 4, closed_alerts: 4}]"
2019-09-19,1X7MY,"[{open_alerts: 2, total_alerts: 2, new_alerts: 2, repeated_alerts: 4, closed_alerts: 4}]"
2019-09-19,2MPJ8,"[{open_alerts: 1, total_alerts: 1, new_alerts: 1, repeated_alerts: 4, closed_alerts: 4}]"
2019-09-19,2MYDD,"[{open_alerts: 2, total_alerts: 2, new_alerts: 2, repeated_alerts: 4, closed_alerts: 4}]"
2019-09-19,58P67,"[{open_alerts: 3, total_alerts: 3, new_alerts: 3, repeated_alerts: 8, closed_alerts: 8}]"
2019-09-19,605HK,"[{open_alerts: 2, total_alerts: 2, new_alerts: 2, repeated_alerts: 8, closed_alerts: 8}]"
2019-09-19,T1C0J,"[{open_alerts: 2, total_alerts: 2, new_alerts: 2, repeated_alerts: 8, closed_alerts: 8}]"
2019-09-19,T2NN8,"[{open_alerts: 2, total_alerts: 2, new_alerts: 2, repeated_alerts: 8, closed_alerts: 8}]"
2019-09-19,V9YN8,"[{open_alerts: 2, total_alerts: 2, new_alerts: 2, repeated_alerts: 8, closed_alerts: 8}]"
2019-09-19,VDFHW,"[{open_alerts: 5, total_alerts: 5, new_alerts: 5, repeated_alerts: 8, closed_alerts: 8}]"
2019-09-19,W7D0H,"[{open_alerts: 3, total_alerts: 8, new_alerts: 8, repeated_alerts: 8, closed_alerts: 8}]"
2019-09-19,W7V4H,"[{open_alerts: 5, total_alerts: 8, new_alerts: 8, repeated_alerts: 8, closed_alerts: 8}]"
2019-09-19,XDR0W,"[{open_alerts: 3, total_alerts: 8, new_alerts: 8, repeated_alerts: 8, closed_alerts: 8}]"
2019-09-19,XF72M,"[{open_alerts: 1, total_alerts: 8, new_alerts: 8, repeated_alerts: 8, closed_alerts: 8}]"
2019-09-19,XFM1K,"[{open_alerts: 2, total_alerts: 2, new_alerts: 2, repeated_alerts: 9, closed_alerts: 8}]"
2019-09-19,XG9R7,"[{open_alerts: 2, total_alerts: 2, new_alerts: 2, repeated_alerts: 9, closed_alerts: 8}]"
2019-09-19,Y87Y4,"[{open_alerts: 3, total_alerts: 3, new_alerts: 3, repeated_alerts: 5, closed_alerts: 6}]"
2019-09-19,Y8RY0,"[{open_alerts: 3, total_alerts: 3, new_alerts: 3, repeated_alerts: 8, closed_alerts: 8}]"
2019-09-06,0CCFD,"[{open_alerts: 5, total_alerts: 8, new_alerts: 8, repeated_alerts: 8, closed_alerts: 8}]"
2019-09-06,10K24,"[{open_alerts: 5, total_alerts: 8, new_alerts: 8, repeated_alerts: 8, closed_alerts: 8}]"
2019-09-06,1R3JH,"[{open_alerts: 1, total_alerts: 43, new_alerts: 4, repeated_alerts: 4, closed_alerts: 4}]"
2019-09-06,28WVD,"[{open_alerts: 1, total_alerts: 43, new_alerts: 4, repeated_alerts: 4, closed_alerts: 4}]"
2019-09-06,385Y9,"[{open_alerts: 5, total_alerts: 5, new_alerts: 5, repeated_alerts: 0, closed_alerts: 0}]"
2019-09-06,3J528,"[{open_alerts: 3, total_alerts: 43, new_alerts: 4, repeated_alerts: 4, closed_alerts: 4}]"
2019-09-06,3TMJX,"[{open_alerts: 1, total_alerts: 1, new_alerts: 1, repeated_alerts: 4, closed_alerts: 4}]"
2019-09-06,40CM0,"[{open_alerts: 1, total_alerts: 43, new_alerts: 4, repeated_alerts: 4, closed_alerts: 4}]"
2019-09-06,4838J,"[{open_alerts: 3, total_alerts: 43, new_alerts: 4, repeated_alerts: 4, closed_alerts: 4}]"
2019-09-06,4K3GD,"[{open_alerts: 1, total_alerts: 1, new_alerts: 1, repeated_alerts: 4, closed_alerts: 4}]"
2019-09-06,4X3D3,"[{open_alerts: 2, total_alerts: 43, new_alerts: 4, repeated_alerts: 4, closed_alerts: 4}]"
2019-09-06,MNC9M,"[{open_alerts: 2, total_alerts: 2, new_alerts: 2, repeated_alerts: 9, closed_alerts: 8}]"
2019-09-06,RN86H,"[{open_alerts: 3, total_alerts: 3, new_alerts: 3, repeated_alerts: 8, closed_alerts: 8}]"
2019-09-06,TVWCP,"[{open_alerts: 2, total_alerts: 2, new_alerts: 2, repeated_alerts: 8, closed_alerts: 8}]"
2019-09-06,W1XMG,"[{open_alerts: 2, total_alerts: 2, new_alerts: 2, repeated_alerts: 9, closed_alerts: 8}]"
2019-09-06,X3J51,"[{open_alerts: 3, total_alerts: 8, new_alerts: 8, repeated_alerts: 8, closed_alerts: 8}]"
2019-09-06,Y1VHY,"[{open_alerts: 5, total_alerts: 8, new_alerts: 8, repeated_alerts: 8, closed_alerts: 8}]"
2019-09-06,YVNNX,"[{open_alerts: 2, total_alerts: 2, new_alerts: 2, repeated_alerts: 8, closed_alerts: 8}]"
2019-09-11,0FJGV,"[{open_alerts: 5, total_alerts: 8, new_alerts: 8, repeated_alerts: 8, closed_alerts: 8}]"
2019-09-11,13TK8,"[{open_alerts: 3, total_alerts: 8, new_alerts: 8, repeated_alerts: 8, closed_alerts: 8}]"
2019-09-11,1T0V1,"[{open_alerts: 2, total_alerts: 1, new_alerts: 1, repeated_alerts: 4, closed_alerts: 4}]"
2019-09-11,2FVXN,"[{open_alerts: 2, total_alerts: 1, new_alerts: 1, repeated_alerts: 4, closed_alerts: 4}]"
2019-09-11,PH4P7,"[{open_alerts: 2, total_alerts: 2, new_alerts: 2, repeated_alerts: 9, closed_alerts: 8}]"
2019-09-11,RTG5Y,"[{open_alerts: 3, total_alerts: 3, new_alerts: 3, repeated_alerts: 8, closed_alerts: 8}]"
2019-09-11,TYWRF,"[{open_alerts: 1, total_alerts: 1, new_alerts: 1, repeated_alerts: 8, closed_alerts: 8}]"
2019-09-11,W3VDH,"[{open_alerts: 2, total_alerts: 2, new_alerts: 2, repeated_alerts: 9, closed_alerts: 8}]"
2019-09-11,X5YVW,"[{open_alerts: 5, total_alerts: 8, new_alerts: 8, repeated_alerts: 8, closed_alerts: 8}]"
2019-09-11,Y5H6D,"[{open_alerts: 3, total_alerts: 8, new_alerts: 8, repeated_alerts: 8, closed_alerts: 8}]"
2019-09-11,YYGCN,"[{open_alerts: 3, total_alerts: 3, new_alerts: 3, repeated_alerts: 8, closed_alerts: 8}]"
2019-09-24,01WRX,"[{open_alerts: 2, total_alerts: 2, new_alerts: 2, repeated_alerts: 9, closed_alerts: 8}]"
2019-09-24,0P0F1,"[{open_alerts: 5, total_alerts: 8, new_alerts: 8, repeated_alerts: 8, closed_alerts: 8}]"
2019-09-24,1DNG6,"[{open_alerts: 3, total_alerts: 8, new_alerts: 8, repeated_alerts: 8, closed_alerts: 8}]"
2019-09-24,20RDX,"[{open_alerts: 1, total_alerts: 43, new_alerts: 4, repeated_alerts: 4, closed_alerts: 4}]"
2019-09-24,2WDP8,"[{open_alerts: 1, total_alerts: 43, new_alerts: 4, repeated_alerts: 4, closed_alerts: 4}]"
2019-09-24,83Y40,"[{open_alerts: 1, total_alerts: 1, new_alerts: 1, repeated_alerts: 8, closed_alerts: 8}]"
2019-09-24,TDH5V,"[{open_alerts: 2, total_alerts: 2, new_alerts: 2, repeated_alerts: 8, closed_alerts: 8}]"
2019-09-24,VH7CV,"[{open_alerts: 2, total_alerts: 2, new_alerts: 2, repeated_alerts: 9, closed_alerts: 8}]"
2019-09-24,WG2N6,"[{open_alerts: 5, total_alerts: 8, new_alerts: 8, repeated_alerts: 8, closed_alerts: 8}]"
2019-09-24,XNKMW,"[{open_alerts: 5, total_alerts: 8, new_alerts: 8, repeated_alerts: 8, closed_alerts: 8}]"
2019-09-24,YD9WG,"[{open_alerts: 3, total_alerts: 3, new_alerts: 3, repeated_alerts: 8, closed_alerts: 8}]"
2019-09-21,005NJ,"[{open_alerts: 2, total_alerts: 2, new_alerts: 2, repeated_alerts: 9, closed_alerts: 8}]"
2019-09-21,0M5N5,"[{open_alerts: 5, total_alerts: 8, new_alerts: 8, repeated_alerts: 8, closed_alerts: 8}]"
2019-09-21,1CRPM,"[{open_alerts: 1, total_alerts: 8, new_alerts: 8, repeated_alerts: 8, closed_alerts: 8}]"
2019-09-21,1XX88,"[{open_alerts: 3, total_alerts: 43, new_alerts: 4, repeated_alerts: 4, closed_alerts: 4}]"
2019-09-21,2TH48,"[{open_alerts: 3, total_alerts: 43, new_alerts: 4, repeated_alerts: 4, closed_alerts: 4}]"
2019-09-21,69YTN,"[{open_alerts: 3, total_alerts: 3, new_alerts: 3, repeated_alerts: 8, closed_alerts: 8}]"
2019-09-21,T40MK,"[{open_alerts: 2, total_alerts: 2, new_alerts: 2, repeated_alerts: 8, closed_alerts: 8}]"
2019-09-21,VFRF3,"[{open_alerts: 2, total_alerts: 2, new_alerts: 2, repeated_alerts: 9, closed_alerts: 8}]"
2019-09-21,WCVNJ,"[{open_alerts: 1, total_alerts: 8, new_alerts: 8, repeated_alerts: 8, closed_alerts: 8}]"
2019-09-21,XGN9K,"[{open_alerts: 5, total_alerts: 8, new_alerts: 8, repeated_alerts: 8, closed_alerts: 8}]"
2019-09-21,YC1J5,"[{open_alerts: 3, total_alerts: 3, new_alerts: 3, repeated_alerts: 8, closed_alerts: 8}]"
2019-09-01,06XV7,"[{open_alerts: 5, total_alerts: 8, new_alerts: 8, repeated_alerts: 8, closed_alerts: 8}]"
2019-09-01,0TVWF,"[{open_alerts: 1, total_alerts: 8, new_alerts: 8, repeated_alerts: 8, closed_alerts: 8}]"
2019-09-01,1KHD8,"[{open_alerts: 6, total_alerts: 7, new_alerts: 2, repeated_alerts: 4, closed_alerts: 4}]"
2019-09-01,24KRM,"[{open_alerts: 6, total_alerts: 7, new_alerts: 2, repeated_alerts: 4, closed_alerts: 4}]"
2019-09-01,34GPR,"[{open_alerts: 6, total_alerts: 7, new_alerts: 2, repeated_alerts: 4, closed_alerts: 4}]"
2019-09-01,39FXN,"[{open_alerts: 5, total_alerts: 5, new_alerts: 5, repeated_alerts: 0, closed_alerts: 0}]"
2019-09-01,3DTMX,"[{open_alerts: 5, total_alerts: 5, new_alerts: 5, repeated_alerts: 0, closed_alerts: 0}]"
2019-09-01,3JH0R,"[{open_alerts: 3, total_alerts: 43, new_alerts: 4, repeated_alerts: 4, closed_alerts: 4}]"
2019-09-01,3MJ79,"[{open_alerts: 3, total_alerts: 43, new_alerts: 4, repeated_alerts: 4, closed_alerts: 4}]"
2019-09-01,3V68G,"[{open_alerts: 1, total_alerts: 1, new_alerts: 1, repeated_alerts: 4, closed_alerts: 4}]"
2019-09-01,3X40K,"[{open_alerts: 2, total_alerts: 2, new_alerts: 2, repeated_alerts: 4, closed_alerts: 4}]"
2019-09-01,4257F,"[{open_alerts: 2, total_alerts: 43, new_alerts: 4, repeated_alerts: 4, closed_alerts: 4}]"
2019-09-01,45HRD,"[{open_alerts: 1, total_alerts: 1, new_alerts: 1, repeated_alerts: 4, closed_alerts: 4}]"
2019-09-01,49TWY,"[{open_alerts: 1, total_alerts: 43, new_alerts: 4, repeated_alerts: 4, closed_alerts: 4}]"
2019-09-01,4F4Y8,"[{open_alerts: 3, total_alerts: 1, new_alerts: 1, repeated_alerts: 4, closed_alerts: 4}]"
2019-09-01,4N4MT,"[{open_alerts: 2, total_alerts: 2, new_alerts: 2, repeated_alerts: 4, closed_alerts: 4}]"
2019-09-01,4RC58,"[{open_alerts: 3, total_alerts: 43, new_alerts: 4, repeated_alerts: 4, closed_alerts: 4}]"
2019-09-01,4XF77,"[{open_alerts: 3, total_alerts: 43, new_alerts: 4, repeated_alerts: 4, closed_alerts: 4}]"
2019-09-01,FH6DR,"[{open_alerts: 5, total_alerts: 5, new_alerts: 5, repeated_alerts: 8, closed_alerts: 8}]"
2019-09-01,R9F1P,"[{open_alerts: 2, total_alerts: 2, new_alerts: 2, repeated_alerts: 8, closed_alerts: 8}]"
2019-09-01,TM46G,"[{open_alerts: 3, total_alerts: 3, new_alerts: 3, repeated_alerts: 8, closed_alerts: 8}]"
2019-09-01,VVPX6,"[{open_alerts: 2, total_alerts: 2, new_alerts: 2, repeated_alerts: 9, closed_alerts: 8}]"
2019-09-01,WY9N7,"[{open_alerts: 2, total_alerts: 8, new_alerts: 8, repeated_alerts: 8, closed_alerts: 8}]"
2019-09-01,XX9KK,"[{open_alerts: 5, total_alerts: 8, new_alerts: 8, repeated_alerts: 8, closed_alerts: 8}]"
2019-09-01,YPN76,"[{open_alerts: 2, total_alerts: 2, new_alerts: 2, repeated_alerts: 8, closed_alerts: 8}]"
2019-08-29,TKNYG,"[{open_alerts: 3, total_alerts: 3, new_alerts: 3, repeated_alerts: 8, closed_alerts: 8}]"
2019-09-17,0HCV8,"[{open_alerts: 3, total_alerts: 8, new_alerts: 8, repeated_alerts: 8, closed_alerts: 8}]"
2019-09-17,18FR1,"[{open_alerts: 3, total_alerts: 8, new_alerts: 8, repeated_alerts: 8, closed_alerts: 8}]"
2019-09-17,1WY6P,"[{open_alerts: 2, total_alerts: 2, new_alerts: 2, repeated_alerts: 4, closed_alerts: 4}]"
2019-09-17,2KYYV,"[{open_alerts: 2, total_alerts: 2, new_alerts: 2, repeated_alerts: 4, closed_alerts: 4}]"
2019-09-17,4TVT4,"[{open_alerts: 3, total_alerts: 3, new_alerts: 3, repeated_alerts: 8, closed_alerts: 8}]"
2019-09-17,RYM1V,"[{open_alerts: 1, total_alerts: 1, new_alerts: 1, repeated_alerts: 8, closed_alerts: 8}]"
2019-09-17,TNJK8,"[{open_alerts: 2, total_alerts: 2, new_alerts: 2, repeated_alerts: 9, closed_alerts: 8}]"
2019-09-17,V7D3N,"[{open_alerts: 2, total_alerts: 2, new_alerts: 2, repeated_alerts: 8, closed_alerts: 8}]"
2019-09-17,W77W2,"[{open_alerts: 2, total_alerts: 2, new_alerts: 2, repeated_alerts: 9, closed_alerts: 8}]"
2019-09-17,XDDVH,"[{open_alerts: 5, total_alerts: 8, new_alerts: 8, repeated_alerts: 8, closed_alerts: 8}]"
2019-09-17,Y866X,"[{open_alerts: 3, total_alerts: 3, new_alerts: 3, repeated_alerts: 8, closed_alerts: 8}]"
2019-09-09,0DH1P,"[{open_alerts: 5, total_alerts: 8, new_alerts: 8, repeated_alerts: 8, closed_alerts: 8}]"
2019-09-09,0F1KY,"[{open_alerts: 5, total_alerts: 8, new_alerts: 8, repeated_alerts: 8, closed_alerts: 8}]"
2019-09-09,110VC,"[{open_alerts: 5, total_alerts: 8, new_alerts: 8, repeated_alerts: 8, closed_alerts: 8}]"
2019-09-09,11GF2,"[{open_alerts: 5, total_alerts: 8, new_alerts: 8, repeated_alerts: 8, closed_alerts: 8}]"
2019-09-09,1R4YX,"[{open_alerts: 3, total_alerts: 43, new_alerts: 4, repeated_alerts: 4, closed_alerts: 4}]"
2019-09-09,1R5K7,"[{open_alerts: 3, total_alerts: 43, new_alerts: 4, repeated_alerts: 4, closed_alerts: 4}]"
2019-09-09,2CG2Y,"[{open_alerts: 3, total_alerts: 43, new_alerts: 4, repeated_alerts: 4, closed_alerts: 4}]"
2019-09-09,2D3WM,"[{open_alerts: 3, total_alerts: 43, new_alerts: 4, repeated_alerts: 4, closed_alerts: 4}]"
2019-09-09,NYD2N,"[{open_alerts: 2, total_alerts: 2, new_alerts: 2, repeated_alerts: 9, closed_alerts: 8}]"
2019-09-09,P34KG,"[{open_alerts: 2, total_alerts: 2, new_alerts: 2, repeated_alerts: 9, closed_alerts: 8}]"
2019-09-09,RPK6R,"[{open_alerts: 3, total_alerts: 3, new_alerts: 3, repeated_alerts: 8, closed_alerts: 8}]"
2019-09-09,RPVC1,"[{open_alerts: 3, total_alerts: 3, new_alerts: 3, repeated_alerts: 8, closed_alerts: 8}]"
2019-09-09,TWYP8,"[{open_alerts: 3, total_alerts: 3, new_alerts: 3, repeated_alerts: 8, closed_alerts: 8}]"
2019-09-09,TXMNV,"[{open_alerts: 3, total_alerts: 3, new_alerts: 3, repeated_alerts: 8, closed_alerts: 8}]"
2019-09-09,W2K95,"[{open_alerts: 2, total_alerts: 2, new_alerts: 2, repeated_alerts: 9, closed_alerts: 8}]"
2019-09-09,W2RNT,"[{open_alerts: 2, total_alerts: 2, new_alerts: 2, repeated_alerts: 9, closed_alerts: 8}]"
2019-09-09,X48H6,"[{open_alerts: 5, total_alerts: 8, new_alerts: 8, repeated_alerts: 8, closed_alerts: 8}]"
2019-09-09,X4J71,"[{open_alerts: 3, total_alerts: 8, new_alerts: 8, repeated_alerts: 8, closed_alerts: 8}]"
2019-09-09,Y3N09,"[{open_alerts: 1, total_alerts: 8, new_alerts: 8, repeated_alerts: 8, closed_alerts: 8}]"
2019-09-09,Y40RY,"[{open_alerts: 5, total_alerts: 8, new_alerts: 8, repeated_alerts: 8, closed_alerts: 8}]"
2019-09-09,YW8GM,"[{open_alerts: 3, total_alerts: 8, new_alerts: 8, repeated_alerts: 8, closed_alerts: 8}]"
2019-09-09,YY2XG,"[{open_alerts: 5, total_alerts: 8, new_alerts: 8, repeated_alerts: 8, closed_alerts: 8}]"
2019-09-14,0G7D0,"[{open_alerts: 2, total_alerts: 8, new_alerts: 8, repeated_alerts: 8, closed_alerts: 8}]"
2019-09-14,14X68,"[{open_alerts: 5, total_alerts: 8, new_alerts: 8, repeated_alerts: 8, closed_alerts: 8}]"
2019-09-14,1VY5C,"[{open_alerts: 2, total_alerts: 1, new_alerts: 1, repeated_alerts: 4, closed_alerts: 4}]"
2019-09-14,2JTN2,"[{open_alerts: 2, total_alerts: 1, new_alerts: 1, repeated_alerts: 4, closed_alerts: 4}]"
2019-09-14,2PJ75,"[{open_alerts: 3, total_alerts: 3, new_alerts: 3, repeated_alerts: 8, closed_alerts: 8}]"
2019-09-14,R7X5F,"[{open_alerts: 2, total_alerts: 2, new_alerts: 2, repeated_alerts: 9, closed_alerts: 8}]"
2019-09-14,RXCF3,"[{open_alerts: 3, total_alerts: 3, new_alerts: 3, repeated_alerts: 8, closed_alerts: 8}]"
2019-09-14,V382M,"[{open_alerts: 3, total_alerts: 3, new_alerts: 3, repeated_alerts: 8, closed_alerts: 8}]"
2019-09-14,W61WM,"[{open_alerts: 2, total_alerts: 2, new_alerts: 2, repeated_alerts: 9, closed_alerts: 8}]"
2019-09-14,X8CX6,"[{open_alerts: 1, total_alerts: 8, new_alerts: 8, repeated_alerts: 8, closed_alerts: 8}]"
2019-09-14,Y65GR,"[{open_alerts: 2, total_alerts: 2, new_alerts: 2, repeated_alerts: 8, closed_alerts: 8}]"
2019-09-12,0FX75,"[{open_alerts: 5, total_alerts: 8, new_alerts: 8, repeated_alerts: 8, closed_alerts: 8}]"
2019-09-12,0N1NK,"[{open_alerts: 3, total_alerts: 3, new_alerts: 3, repeated_alerts: 8, closed_alerts: 8}]"
2019-09-12,14DFF,"[{open_alerts: 2, total_alerts: 8, new_alerts: 8, repeated_alerts: 8, closed_alerts: 8}]"
2019-09-12,1TF10,"[{open_alerts: 3, total_alerts: 1, new_alerts: 1, repeated_alerts: 4, closed_alerts: 4}]"
2019-09-12,2GVXN,"[{open_alerts: 3, total_alerts: 1, new_alerts: 1, repeated_alerts: 4, closed_alerts: 4}]"
2019-09-12,R14NK,"[{open_alerts: 2, total_alerts: 2, new_alerts: 2, repeated_alerts: 9, closed_alerts: 8}]"
2019-09-12,RWTY8,"[{open_alerts: 2, total_alerts: 2, new_alerts: 2, repeated_alerts: 8, closed_alerts: 8}]"
2019-09-12,V217H,"[{open_alerts: 2, total_alerts: 2, new_alerts: 2, repeated_alerts: 8, closed_alerts: 8}]"
2019-09-12,W3XDX,"[{open_alerts: 2, total_alerts: 2, new_alerts: 2, repeated_alerts: 9, closed_alerts: 8}]"
2019-09-12,X6C0T,"[{open_alerts: 3, total_alerts: 8, new_alerts: 8, repeated_alerts: 8, closed_alerts: 8}]"
2019-09-12,Y5V6Y,"[{open_alerts: 1, total_alerts: 8, new_alerts: 8, repeated_alerts: 8, closed_alerts: 8}]"
2019-09-27,050FX,"[{open_alerts: 2, total_alerts: 2, new_alerts: 2, repeated_alerts: 9, closed_alerts: 8}]"
2019-09-27,0PDJP,"[{open_alerts: 1, total_alerts: 8, new_alerts: 8, repeated_alerts: 8, closed_alerts: 8}]"
2019-09-27,1G4VN,"[{open_alerts: 2, total_alerts: 2, new_alerts: 2, repeated_alerts: 0, closed_alerts: 0}]"
2019-09-27,22D5R,"[{open_alerts: 3, total_alerts: 43, new_alerts: 4, repeated_alerts: 4, closed_alerts: 4}]"
2019-09-27,2X5P3,"[{open_alerts: 3, total_alerts: 43, new_alerts: 4, repeated_alerts: 4, closed_alerts: 4}]"
2019-09-27,8XK4X,"[{open_alerts: 3, total_alerts: 3, new_alerts: 3, repeated_alerts: 8, closed_alerts: 8}]"
2019-09-27,THJ46,"[{open_alerts: 5, total_alerts: 8, new_alerts: 8, repeated_alerts: 8, closed_alerts: 8}]"
2019-09-27,VJFD7,"[{open_alerts: 2, total_alerts: 2, new_alerts: 2, repeated_alerts: 9, closed_alerts: 8}]"
2019-09-27,WT5X5,"[{open_alerts: 5, total_alerts: 8, new_alerts: 8, repeated_alerts: 8, closed_alerts: 8}]"
2019-09-27,XTXXK,"[{open_alerts: 5, total_alerts: 8, new_alerts: 8, repeated_alerts: 8, closed_alerts: 8}]"
2019-09-27,YKFWP,"[{open_alerts: 3, total_alerts: 3, new_alerts: 3, repeated_alerts: 8, closed_alerts: 8}]"
2019-09-20,0KXDD,"[{open_alerts: 3, total_alerts: 8, new_alerts: 8, repeated_alerts: 8, closed_alerts: 8}]"
2019-09-20,19YP4,"[{open_alerts: 3, total_alerts: 8, new_alerts: 8, repeated_alerts: 8, closed_alerts: 8}]"
2019-09-20,1XNWP,"[{open_alerts: 6, total_alerts: 7, new_alerts: 2, repeated_alerts: 4, closed_alerts: 4}]"
2019-09-20,2R8H9,"[{open_alerts: 6, total_alerts: 7, new_alerts: 2, repeated_alerts: 4, closed_alerts: 4}]"
2019-09-20,63YDV,"[{open_alerts: 1, total_alerts: 1, new_alerts: 1, repeated_alerts: 8, closed_alerts: 8}]"
2019-09-20,T30J0,"[{open_alerts: 3, total_alerts: 3, new_alerts: 3, repeated_alerts: 8, closed_alerts: 8}]"
2019-09-20,VDHJN,"[{open_alerts: 2, total_alerts: 2, new_alerts: 2, repeated_alerts: 9, closed_alerts: 8}]"
2019-09-20,W84P3,"[{open_alerts: 3, total_alerts: 8, new_alerts: 8, repeated_alerts: 8, closed_alerts: 8}]"
2019-09-20,XG51K,"[{open_alerts: 1, total_alerts: 8, new_alerts: 8, repeated_alerts: 8, closed_alerts: 8}]"
2019-09-20,XKD1X,"[{open_alerts: 2, total_alerts: 2, new_alerts: 2, repeated_alerts: 9, closed_alerts: 8}]"
2019-09-20,Y9XKM,"[{open_alerts: 3, total_alerts: 3, new_alerts: 3, repeated_alerts: 8, closed_alerts: 8}]"
2019-09-07,0CH4X,"[{open_alerts: 5, total_alerts: 8, new_alerts: 8, repeated_alerts: 8, closed_alerts: 8}]"
2019-09-07,10KW3,"[{open_alerts: 5, total_alerts: 8, new_alerts: 8, repeated_alerts: 8, closed_alerts: 8}]"
2019-09-07,1R4GY,"[{open_alerts: 2, total_alerts: 43, new_alerts: 4, repeated_alerts: 4, closed_alerts: 4}]"
2019-09-07,2C6J8,"[{open_alerts: 2, total_alerts: 43, new_alerts: 4, repeated_alerts: 4, closed_alerts: 4}]"
2019-09-07,397CR,"[{open_alerts: 2, total_alerts: 2, new_alerts: 2, repeated_alerts: 0, closed_alerts: 0}]"
2019-09-07,3J86Y,"[{open_alerts: 2, total_alerts: 43, new_alerts: 4, repeated_alerts: 4, closed_alerts: 4}]"
2019-09-07,3TTFG,"[{open_alerts: 2, total_alerts: 1, new_alerts: 1, repeated_alerts: 4, closed_alerts: 4}]"
2019-09-07,41PJ8,"[{open_alerts: 1, total_alerts: 43, new_alerts: 4, repeated_alerts: 4, closed_alerts: 4}]"
2019-09-07,49PR0,"[{open_alerts: 1, total_alerts: 43, new_alerts: 4, repeated_alerts: 4, closed_alerts: 4}]"
2019-09-07,4KGD5,"[{open_alerts: 1, total_alerts: 1, new_alerts: 1, repeated_alerts: 4, closed_alerts: 4}]"
2019-09-07,4X8C0,"[{open_alerts: 3, total_alerts: 43, new_alerts: 4, repeated_alerts: 4, closed_alerts: 4}]"
2019-09-07,NKPKG,"[{open_alerts: 2, total_alerts: 2, new_alerts: 2, repeated_alerts: 9, closed_alerts: 8}]"
2019-09-07,RNT81,"[{open_alerts: 3, total_alerts: 3, new_alerts: 3, repeated_alerts: 8, closed_alerts: 8}]"
2019-09-07,TWNFN,"[{open_alerts: 1, total_alerts: 1, new_alerts: 1, repeated_alerts: 8, closed_alerts: 8}]"
2019-09-07,W2CRY,"[{open_alerts: 2, total_alerts: 2, new_alerts: 2, repeated_alerts: 9, closed_alerts: 8}]"
2019-09-07,X3RVH,"[{open_alerts: 3, total_alerts: 8, new_alerts: 8, repeated_alerts: 8, closed_alerts: 8}]"
2019-09-07,Y3J72,"[{open_alerts: 3, total_alerts: 8, new_alerts: 8, repeated_alerts: 8, closed_alerts: 8}]"
2019-09-07,YW2CW,"[{open_alerts: 5, total_alerts: 5, new_alerts: 5, repeated_alerts: 8, closed_alerts: 8}]"
2019-08-30,05XKT,"[{open_alerts: 3, total_alerts: 8, new_alerts: 8, repeated_alerts: 8, closed_alerts: 8}]"
2019-08-30,0TF9T,"[{open_alerts: 3, total_alerts: 8, new_alerts: 8, repeated_alerts: 8, closed_alerts: 8}]"
2019-08-30,1JH4P,"[{open_alerts: 2, total_alerts: 2, new_alerts: 2, repeated_alerts: 4, closed_alerts: 4}]"
2019-08-30,241J2,"[{open_alerts: 2, total_alerts: 2, new_alerts: 2, repeated_alerts: 4, closed_alerts: 4}]"
2019-08-30,30F77,"[{open_alerts: 2, total_alerts: 2, new_alerts: 2, repeated_alerts: 4, closed_alerts: 4}]"
2019-08-30,F5WCC,"[{open_alerts: 2, total_alerts: 2, new_alerts: 2, repeated_alerts: 8, closed_alerts: 8}]"
2019-08-30,TM3PW,"[{open_alerts: 3, total_alerts: 3, new_alerts: 3, repeated_alerts: 8, closed_alerts: 8}]"
2019-08-30,VV493,"[{open_alerts: 2, total_alerts: 2, new_alerts: 2, repeated_alerts: 9, closed_alerts: 8}]"
2019-08-30,WY08T,"[{open_alerts: 3, total_alerts: 8, new_alerts: 8, repeated_alerts: 8, closed_alerts: 8}]"
2019-08-30,XX4XJ,"[{open_alerts: 5, total_alerts: 8, new_alerts: 8, repeated_alerts: 8, closed_alerts: 8}]"
2019-08-30,YMYH1,"[{open_alerts: 2, total_alerts: 2, new_alerts: 2, repeated_alerts: 8, closed_alerts: 8}]"